id,psp_id,person_psp_id,term_code,region_psp_id,party_list_psp_id
psp:poslanec:1,1,1,PSP1,159,1865
psp:poslanec:2,2,2,PSP1,164,1865
psp:poslanec:3,3,3,PSP1,164,1865
psp:poslanec:4,4,4,PSP1,160,1865
psp:poslanec:5,5,5,PSP1,157,151
psp:poslanec:6,6,6,PSP1,157,1919
psp:poslanec:7,7,7,PSP1,160,1865
psp:poslanec:8,8,8,PSP1,160,153
psp:poslanec:9,9,9,PSP1,160,1867
psp:poslanec:10,10,10,PSP1,164,1865
psp:poslanec:11,11,11,PSP1,158,1919
psp:poslanec:12,12,12,PSP1,164,153
psp:poslanec:13,13,13,PSP1,162,1865
psp:poslanec:14,14,14,PSP1,161,1867
psp:poslanec:15,15,15,PSP1,159,1865
psp:poslanec:16,16,16,PSP1,161,153
psp:poslanec:17,17,17,PSP1,162,1867
psp:poslanec:18,18,18,PSP1,157,1867
psp:poslanec:19,19,19,PSP1,162,1867
psp:poslanec:20,20,20,PSP1,162,152
psp:poslanec:21,21,21,PSP1,162,1865
psp:poslanec:22,22,22,PSP1,160,1865
psp:poslanec:23,23,23,PSP1,158,1865
psp:poslanec:24,24,24,PSP1,157,1867
psp:poslanec:25,25,25,PSP1,159,151
psp:poslanec:26,26,26,PSP1,164,152
psp:poslanec:27,27,27,PSP1,158,153
psp:poslanec:28,28,28,PSP1,163,153
psp:poslanec:29,29,29,PSP1,157,1866
psp:poslanec:30,30,30,PSP1,162,152
psp:poslanec:31,31,31,PSP1,159,1867
psp:poslanec:32,32,32,PSP1,163,153
psp:poslanec:33,33,33,PSP1,163,1865
psp:poslanec:34,34,34,PSP1,157,1865
psp:poslanec:35,35,35,PSP1,158,153
psp:poslanec:36,36,36,PSP1,160,1867
psp:poslanec:37,37,37,PSP1,158,1866
psp:poslanec:38,38,38,PSP1,159,1865
psp:poslanec:39,39,39,PSP1,159,153
psp:poslanec:40,40,40,PSP1,157,153
psp:poslanec:41,41,41,PSP1,162,1865
psp:poslanec:42,42,42,PSP1,162,152
psp:poslanec:43,43,43,PSP1,161,1867
psp:poslanec:44,44,44,PSP1,163,1867
psp:poslanec:45,45,45,PSP1,159,1866
psp:poslanec:46,46,46,PSP1,157,152
psp:poslanec:47,47,47,PSP1,162,1865
psp:poslanec:48,48,48,PSP1,157,1865
psp:poslanec:49,49,49,PSP1,157,1867
psp:poslanec:50,50,50,PSP1,162,153
psp:poslanec:51,51,51,PSP1,158,1919
psp:poslanec:52,52,52,PSP1,157,1867
psp:poslanec:53,53,53,PSP1,162,1867
psp:poslanec:54,54,54,PSP1,160,151
psp:poslanec:55,55,55,PSP1,163,1865
psp:poslanec:56,56,56,PSP1,157,1919
psp:poslanec:57,57,57,PSP1,162,1865
psp:poslanec:58,58,58,PSP1,162,152
psp:poslanec:59,59,59,PSP1,158,1919
psp:poslanec:60,60,60,PSP1,162,1865
psp:poslanec:61,61,61,PSP1,158,1865
psp:poslanec:62,62,62,PSP1,160,152
psp:poslanec:63,63,63,PSP1,157,151
psp:poslanec:64,64,64,PSP1,157,151
psp:poslanec:65,65,65,PSP1,158,150
psp:poslanec:66,66,66,PSP1,157,1919
psp:poslanec:67,67,67,PSP1,160,1865
psp:poslanec:68,68,68,PSP1,158,1867
psp:poslanec:69,69,69,PSP1,159,1865
psp:poslanec:70,70,70,PSP1,158,1865
psp:poslanec:71,71,71,PSP1,157,1865
psp:poslanec:72,72,72,PSP1,159,1865
psp:poslanec:73,73,73,PSP1,164,1865
psp:poslanec:74,74,74,PSP1,160,1865
psp:poslanec:75,75,75,PSP1,163,1866
psp:poslanec:76,76,76,PSP1,163,1865
psp:poslanec:77,77,77,PSP1,163,1919
psp:poslanec:78,78,78,PSP1,159,1865
psp:poslanec:79,79,79,PSP1,160,1865
psp:poslanec:80,80,80,PSP1,157,151
psp:poslanec:81,81,81,PSP1,157,1919
psp:poslanec:82,82,82,PSP1,158,1866
psp:poslanec:83,83,83,PSP1,164,150
psp:poslanec:84,84,84,PSP1,158,151
psp:poslanec:85,85,85,PSP1,158,1867
psp:poslanec:86,86,86,PSP1,157,150
psp:poslanec:87,87,87,PSP1,159,152
psp:poslanec:88,88,88,PSP1,164,1867
psp:poslanec:89,89,89,PSP1,163,152
psp:poslanec:90,90,90,PSP1,161,1865
psp:poslanec:91,91,91,PSP1,160,1865
psp:poslanec:92,92,92,PSP1,158,152
psp:poslanec:93,93,93,PSP1,157,150
psp:poslanec:94,94,94,PSP1,163,1865
psp:poslanec:95,95,95,PSP1,161,151
psp:poslanec:96,96,96,PSP1,158,1867
psp:poslanec:97,97,97,PSP1,157,1919
psp:poslanec:98,98,98,PSP1,162,1865
psp:poslanec:99,99,99,PSP1,163,1867
psp:poslanec:100,100,100,PSP1,159,1865
psp:poslanec:101,101,101,PSP1,164,1867
psp:poslanec:102,102,102,PSP1,159,152
psp:poslanec:103,103,103,PSP1,157,1867
psp:poslanec:104,104,104,PSP1,162,150
psp:poslanec:105,105,105,PSP1,157,1867
psp:poslanec:106,106,106,PSP1,157,1919
psp:poslanec:107,107,107,PSP1,162,1865
psp:poslanec:108,108,108,PSP1,157,151
psp:poslanec:109,109,109,PSP1,157,1867
psp:poslanec:110,110,110,PSP1,163,1865
psp:poslanec:111,111,111,PSP1,158,1865
psp:poslanec:112,112,112,PSP1,158,150
psp:poslanec:113,113,113,PSP1,158,1865
psp:poslanec:114,114,114,PSP1,157,1865
psp:poslanec:115,115,115,PSP1,161,150
psp:poslanec:116,116,116,PSP1,158,1865
psp:poslanec:117,117,117,PSP1,163,1865
psp:poslanec:118,118,118,PSP1,158,1865
psp:poslanec:119,119,119,PSP1,157,151
psp:poslanec:120,120,120,PSP1,157,1865
psp:poslanec:121,121,121,PSP1,158,1919
psp:poslanec:122,122,122,PSP1,163,1866
psp:poslanec:123,123,123,PSP1,160,1867
psp:poslanec:124,124,124,PSP1,158,1867
psp:poslanec:125,125,125,PSP1,158,151
psp:poslanec:126,126,126,PSP1,158,1865
psp:poslanec:127,127,127,PSP1,159,1865
psp:poslanec:128,128,128,PSP1,159,1865
psp:poslanec:129,129,129,PSP1,161,1865
psp:poslanec:130,130,130,PSP1,162,153
psp:poslanec:131,131,131,PSP1,163,1865
psp:poslanec:132,132,132,PSP1,158,1865
psp:poslanec:133,133,133,PSP1,157,1866
psp:poslanec:134,134,134,PSP1,157,1865
psp:poslanec:135,135,135,PSP1,164,1866
psp:poslanec:136,136,136,PSP1,158,1867
psp:poslanec:137,137,137,PSP1,160,1865
psp:poslanec:138,138,138,PSP1,163,1867
psp:poslanec:139,139,139,PSP1,164,1865
psp:poslanec:140,140,140,PSP1,162,1867
psp:poslanec:141,141,141,PSP1,164,153
psp:poslanec:142,142,142,PSP1,159,1866
psp:poslanec:143,143,143,PSP1,163,151
psp:poslanec:144,144,144,PSP1,157,1919
psp:poslanec:145,145,145,PSP1,159,1865
psp:poslanec:146,146,146,PSP1,158,153
psp:poslanec:147,147,147,PSP1,160,1867
psp:poslanec:148,148,148,PSP1,158,1867
psp:poslanec:149,149,149,PSP1,160,152
psp:poslanec:150,150,150,PSP1,159,1867
psp:poslanec:151,151,151,PSP1,158,1919
psp:poslanec:152,152,152,PSP1,163,1865
psp:poslanec:153,153,153,PSP1,159,1865
psp:poslanec:154,154,154,PSP1,157,1865
psp:poslanec:155,155,155,PSP1,160,1866
psp:poslanec:156,156,156,PSP1,158,151
psp:poslanec:157,157,157,PSP1,158,1865
psp:poslanec:158,158,158,PSP1,160,150
psp:poslanec:159,159,159,PSP1,159,152
psp:poslanec:160,160,160,PSP1,157,1919
psp:poslanec:161,161,161,PSP1,164,1866
psp:poslanec:162,162,162,PSP1,163,1867
psp:poslanec:163,163,163,PSP1,160,152
psp:poslanec:164,164,164,PSP1,160,1865
psp:poslanec:165,165,165,PSP1,157,1865
psp:poslanec:166,166,166,PSP1,163,1865
psp:poslanec:167,167,167,PSP1,162,1866
psp:poslanec:168,168,168,PSP1,161,1865
psp:poslanec:169,169,169,PSP1,159,153
psp:poslanec:170,170,170,PSP1,161,1865
psp:poslanec:171,171,171,PSP1,157,1865
psp:poslanec:172,172,172,PSP1,158,1865
psp:poslanec:173,173,173,PSP1,163,150
psp:poslanec:174,174,174,PSP1,157,151
psp:poslanec:175,175,175,PSP1,161,1866
psp:poslanec:176,176,176,PSP1,161,150
psp:poslanec:177,177,177,PSP1,163,150
psp:poslanec:178,178,178,PSP1,164,1865
psp:poslanec:179,179,179,PSP1,164,1867
psp:poslanec:180,180,180,PSP1,162,150
psp:poslanec:181,181,181,PSP1,161,1865
psp:poslanec:182,182,182,PSP1,163,1866
psp:poslanec:183,183,183,PSP1,157,1865
psp:poslanec:184,184,184,PSP1,160,150
psp:poslanec:185,185,185,PSP1,164,1865
psp:poslanec:186,186,186,PSP1,159,1867
psp:poslanec:187,187,187,PSP1,159,1867
psp:poslanec:188,188,188,PSP1,163,1866
psp:poslanec:189,189,189,PSP1,157,150
psp:poslanec:190,190,190,PSP1,164,1865
psp:poslanec:191,191,191,PSP1,158,1865
psp:poslanec:192,192,192,PSP1,160,1866
psp:poslanec:193,193,193,PSP1,163,151
psp:poslanec:194,194,194,PSP1,157,153
psp:poslanec:195,195,195,PSP1,157,1865
psp:poslanec:196,196,196,PSP1,161,153
psp:poslanec:197,197,197,PSP1,159,1865
psp:poslanec:198,198,198,PSP1,163,1865
psp:poslanec:199,199,199,PSP1,158,1865
psp:poslanec:200,200,200,PSP1,162,1867
psp:poslanec:201,201,201,PSP1,159,1865
psp:poslanec:202,202,202,PSP1,159,151
psp:poslanec:205,205,205,PSP1,162,1867
psp:poslanec:206,206,206,PSP1,162,1867
psp:poslanec:207,207,207,PSP2,159,153
psp:poslanec:208,208,8,PSP2,160,153
psp:poslanec:209,209,12,PSP2,164,153
psp:poslanec:210,210,16,PSP2,159,153
psp:poslanec:211,211,203,PSP2,157,153
psp:poslanec:212,212,204,PSP2,159,153
psp:poslanec:213,213,208,PSP2,163,153
psp:poslanec:214,214,209,PSP2,158,153
psp:poslanec:215,215,210,PSP2,164,153
psp:poslanec:216,216,211,PSP2,164,153
psp:poslanec:217,217,35,PSP2,158,153
psp:poslanec:218,218,212,PSP2,158,153
psp:poslanec:219,219,213,PSP2,162,153
psp:poslanec:220,220,39,PSP2,160,153
psp:poslanec:221,221,40,PSP2,157,153
psp:poslanec:222,222,214,PSP2,158,153
psp:poslanec:223,223,215,PSP2,162,153
psp:poslanec:224,224,216,PSP2,159,153
psp:poslanec:225,225,217,PSP2,158,153
psp:poslanec:226,226,218,PSP2,161,153
psp:poslanec:227,227,219,PSP2,158,153
psp:poslanec:228,228,220,PSP2,162,153
psp:poslanec:229,229,221,PSP2,159,153
psp:poslanec:230,230,222,PSP2,157,153
psp:poslanec:231,231,77,PSP2,163,153
psp:poslanec:232,232,223,PSP2,163,153
psp:poslanec:233,233,224,PSP2,164,153
psp:poslanec:234,234,225,PSP2,161,153
psp:poslanec:235,235,226,PSP2,162,153
psp:poslanec:236,236,227,PSP2,158,153
psp:poslanec:237,237,228,PSP2,160,153
psp:poslanec:238,238,229,PSP2,160,153
psp:poslanec:239,239,230,PSP2,157,153
psp:poslanec:240,240,231,PSP2,157,153
psp:poslanec:241,241,122,PSP2,163,153
psp:poslanec:242,242,124,PSP2,158,153
psp:poslanec:243,243,232,PSP2,158,153
psp:poslanec:244,244,233,PSP2,157,153
psp:poslanec:245,245,234,PSP2,157,153
psp:poslanec:246,246,235,PSP2,157,153
psp:poslanec:247,247,236,PSP2,163,153
psp:poslanec:248,248,237,PSP2,157,153
psp:poslanec:249,249,238,PSP2,161,153
psp:poslanec:250,250,239,PSP2,157,153
psp:poslanec:251,251,240,PSP2,162,153
psp:poslanec:252,252,241,PSP2,161,153
psp:poslanec:253,253,242,PSP2,163,153
psp:poslanec:254,254,243,PSP2,158,153
psp:poslanec:255,255,244,PSP2,160,153
psp:poslanec:256,256,245,PSP2,158,153
psp:poslanec:257,257,246,PSP2,163,153
psp:poslanec:258,258,247,PSP2,164,153
psp:poslanec:259,259,248,PSP2,158,153
psp:poslanec:260,260,249,PSP2,157,153
psp:poslanec:261,261,250,PSP2,157,153
psp:poslanec:262,262,194,PSP2,162,153
psp:poslanec:263,263,251,PSP2,162,153
psp:poslanec:264,264,252,PSP2,158,153
psp:poslanec:265,265,196,PSP2,161,153
psp:poslanec:266,266,253,PSP2,158,153
psp:poslanec:267,267,254,PSP2,160,153
psp:poslanec:268,268,255,PSP2,157,155
psp:poslanec:269,269,256,PSP2,163,155
psp:poslanec:270,270,257,PSP2,157,155
psp:poslanec:271,271,4,PSP2,158,155
psp:poslanec:272,272,258,PSP2,164,155
psp:poslanec:273,273,13,PSP2,162,155
psp:poslanec:274,274,15,PSP2,159,155
psp:poslanec:275,275,21,PSP2,162,155
psp:poslanec:276,276,22,PSP2,160,155
psp:poslanec:277,277,259,PSP2,158,155
psp:poslanec:278,278,260,PSP2,157,155
psp:poslanec:279,279,47,PSP2,162,155
psp:poslanec:280,280,48,PSP2,157,155
psp:poslanec:281,281,261,PSP2,163,155
psp:poslanec:282,282,262,PSP2,163,155
psp:poslanec:283,283,61,PSP2,158,155
psp:poslanec:284,284,67,PSP2,160,155
psp:poslanec:285,285,263,PSP2,158,155
psp:poslanec:286,286,264,PSP2,160,155
psp:poslanec:287,287,69,PSP2,159,155
psp:poslanec:288,288,71,PSP2,157,155
psp:poslanec:289,289,72,PSP2,159,155
psp:poslanec:290,290,74,PSP2,160,155
psp:poslanec:291,291,79,PSP2,160,155
psp:poslanec:292,292,265,PSP2,157,155
psp:poslanec:293,293,266,PSP2,158,155
psp:poslanec:294,294,91,PSP2,160,155
psp:poslanec:295,295,100,PSP2,159,155
psp:poslanec:296,296,107,PSP2,162,155
psp:poslanec:297,297,110,PSP2,163,155
psp:poslanec:298,298,111,PSP2,158,155
psp:poslanec:299,299,267,PSP2,157,155
psp:poslanec:300,300,116,PSP2,158,155
psp:poslanec:301,301,118,PSP2,158,155
psp:poslanec:302,302,268,PSP2,163,155
psp:poslanec:303,303,269,PSP2,164,155
psp:poslanec:304,304,127,PSP2,159,155
psp:poslanec:305,305,128,PSP2,159,155
psp:poslanec:306,306,270,PSP2,157,155
psp:poslanec:307,307,129,PSP2,161,155
psp:poslanec:308,308,271,PSP2,163,155
psp:poslanec:309,309,131,PSP2,162,155
psp:poslanec:310,310,272,PSP2,163,155
psp:poslanec:311,311,273,PSP2,157,155
psp:poslanec:312,312,274,PSP2,159,155
psp:poslanec:313,313,275,PSP2,157,155
psp:poslanec:314,314,134,PSP2,157,155
psp:poslanec:315,315,139,PSP2,164,155
psp:poslanec:316,316,276,PSP2,164,155
psp:poslanec:317,317,277,PSP2,158,155
psp:poslanec:318,318,152,PSP2,163,155
psp:poslanec:319,319,278,PSP2,158,155
psp:poslanec:320,320,164,PSP2,160,155
psp:poslanec:321,321,170,PSP2,161,155
psp:poslanec:322,322,279,PSP2,159,155
psp:poslanec:323,323,171,PSP2,157,155
psp:poslanec:324,324,172,PSP2,158,155
psp:poslanec:325,325,280,PSP2,160,155
psp:poslanec:326,326,181,PSP2,161,155
psp:poslanec:327,327,281,PSP2,160,155
psp:poslanec:328,328,282,PSP2,162,155
psp:poslanec:329,329,185,PSP2,164,155
psp:poslanec:330,330,190,PSP2,164,155
psp:poslanec:331,331,283,PSP2,159,155
psp:poslanec:332,332,197,PSP2,159,155
psp:poslanec:333,333,284,PSP2,159,155
psp:poslanec:334,334,198,PSP2,163,155
psp:poslanec:335,335,285,PSP2,161,155
psp:poslanec:336,336,286,PSP2,164,152
psp:poslanec:337,337,287,PSP2,161,152
psp:poslanec:338,338,288,PSP2,157,152
psp:poslanec:339,339,46,PSP2,157,152
psp:poslanec:340,340,62,PSP2,159,152
psp:poslanec:341,341,289,PSP2,158,152
psp:poslanec:342,342,290,PSP2,160,152
psp:poslanec:343,343,291,PSP2,163,152
psp:poslanec:344,344,89,PSP2,163,152
psp:poslanec:345,345,102,PSP2,159,152
psp:poslanec:346,346,292,PSP2,157,152
psp:poslanec:347,347,293,PSP2,159,152
psp:poslanec:348,348,294,PSP2,162,152
psp:poslanec:349,349,295,PSP2,157,151
psp:poslanec:350,350,5,PSP2,157,151
psp:poslanec:351,351,296,PSP2,157,151
psp:poslanec:352,352,297,PSP2,158,151
psp:poslanec:353,353,54,PSP2,160,151
psp:poslanec:354,354,298,PSP2,158,151
psp:poslanec:355,355,63,PSP2,157,151
psp:poslanec:356,356,64,PSP2,157,151
psp:poslanec:357,357,94,PSP2,163,151
psp:poslanec:358,358,299,PSP2,163,151
psp:poslanec:359,359,95,PSP2,164,151
psp:poslanec:360,360,300,PSP2,159,151
psp:poslanec:361,361,143,PSP2,163,151
psp:poslanec:362,362,156,PSP2,158,151
psp:poslanec:363,363,301,PSP2,157,151
psp:poslanec:364,364,302,PSP2,161,151
psp:poslanec:365,365,165,PSP2,162,151
psp:poslanec:366,366,193,PSP2,159,151
psp:poslanec:367,367,19,PSP2,162,154
psp:poslanec:368,368,31,PSP2,159,154
psp:poslanec:369,369,303,PSP2,161,154
psp:poslanec:370,370,36,PSP2,160,154
psp:poslanec:371,371,304,PSP2,158,154
psp:poslanec:372,372,305,PSP2,157,154
psp:poslanec:373,373,306,PSP2,162,154
psp:poslanec:374,374,307,PSP2,161,154
psp:poslanec:375,375,308,PSP2,157,154
psp:poslanec:376,376,309,PSP2,157,154
psp:poslanec:377,377,99,PSP2,163,154
psp:poslanec:378,378,310,PSP2,164,154
psp:poslanec:379,379,105,PSP2,157,154
psp:poslanec:380,380,311,PSP2,158,154
psp:poslanec:381,381,136,PSP2,158,154
psp:poslanec:382,382,312,PSP2,157,154
psp:poslanec:383,383,313,PSP2,163,154
psp:poslanec:384,384,314,PSP2,159,154
psp:poslanec:385,385,315,PSP2,160,154
psp:poslanec:386,386,162,PSP2,163,154
psp:poslanec:387,387,316,PSP2,164,154
psp:poslanec:388,388,317,PSP2,158,154
psp:poslanec:389,389,318,PSP2,162,150
psp:poslanec:390,390,319,PSP2,159,150
psp:poslanec:391,391,320,PSP2,164,150
psp:poslanec:392,392,93,PSP2,158,150
psp:poslanec:393,393,321,PSP2,163,150
psp:poslanec:394,394,322,PSP2,158,150
psp:poslanec:395,395,115,PSP2,161,150
psp:poslanec:396,396,323,PSP2,163,150
psp:poslanec:397,397,324,PSP2,157,150
psp:poslanec:398,398,325,PSP2,157,150
psp:poslanec:399,399,326,PSP2,162,150
psp:poslanec:400,400,327,PSP2,162,150
psp:poslanec:401,401,328,PSP2,160,150
psp:poslanec:402,402,180,PSP2,158,150
psp:poslanec:403,403,329,PSP2,157,150
psp:poslanec:404,404,330,PSP2,164,150
psp:poslanec:405,405,331,PSP2,160,150
psp:poslanec:406,406,332,PSP2,164,150
psp:poslanec:407,407,333,PSP2,157,151
psp:poslanec:408,408,334,PSP2,158,151
psp:poslanec:409,409,87,PSP2,159,152
psp:poslanec:410,410,335,PSP2,159,155
psp:poslanec:411,411,336,PSP2,157,152
psp:poslanec:412,412,76,PSP2,163,155
psp:poslanec:413,413,337,PSP2,157,155
psp:poslanec:414,414,338,PSP2,159,155
psp:poslanec:415,415,339,PSP2,161,152
psp:poslanec:416,416,340,PSP2,161,152
psp:poslanec:417,417,341,PSP2,158,155
psp:poslanec:418,418,38,PSP2,159,155
psp:poslanec:419,419,342,PSP2,164,155
psp:poslanec:420,420,343,PSP2,160,155
psp:poslanec:421,421,295,PSP3,157,151
psp:poslanec:422,422,344,PSP3,162,153
psp:poslanec:423,423,345,PSP3,157,155
psp:poslanec:424,424,207,PSP3,159,153
psp:poslanec:425,425,4,PSP3,158,155
psp:poslanec:426,426,346,PSP3,160,155
psp:poslanec:427,427,347,PSP3,161,155
psp:poslanec:428,428,348,PSP3,164,155
psp:poslanec:429,429,8,PSP3,160,153
psp:poslanec:430,430,349,PSP3,160,153
psp:poslanec:431,431,350,PSP3,164,155
psp:poslanec:432,432,12,PSP3,164,153
psp:poslanec:433,433,351,PSP3,157,153
psp:poslanec:434,434,206,PSP3,162,154
psp:poslanec:435,435,352,PSP3,159,155
psp:poslanec:436,436,16,PSP3,159,153
psp:poslanec:437,437,353,PSP3,160,155
psp:poslanec:438,438,203,PSP3,157,153
psp:poslanec:439,439,19,PSP3,162,154
psp:poslanec:440,440,354,PSP3,157,153
psp:poslanec:441,441,208,PSP3,163,153
psp:poslanec:442,442,355,PSP3,159,153
psp:poslanec:443,443,356,PSP3,161,155
psp:poslanec:444,444,357,PSP3,159,155
psp:poslanec:445,445,209,PSP3,158,153
psp:poslanec:446,446,358,PSP3,158,155
psp:poslanec:447,447,359,PSP3,162,155
psp:poslanec:448,448,360,PSP3,160,155
psp:poslanec:449,449,210,PSP3,164,153
psp:poslanec:450,450,211,PSP3,164,153
psp:poslanec:451,451,31,PSP3,159,154
psp:poslanec:452,452,303,PSP3,161,154
psp:poslanec:453,453,361,PSP3,159,154
psp:poslanec:454,454,35,PSP3,158,153
psp:poslanec:455,455,36,PSP3,160,154
psp:poslanec:456,456,304,PSP3,158,154
psp:poslanec:457,457,305,PSP3,157,154
psp:poslanec:458,458,362,PSP3,162,153
psp:poslanec:459,459,213,PSP3,162,153
psp:poslanec:460,460,39,PSP3,160,153
psp:poslanec:461,461,40,PSP3,157,153
psp:poslanec:462,462,363,PSP3,164,153
psp:poslanec:463,463,333,PSP3,157,151
psp:poslanec:464,464,364,PSP3,157,156
psp:poslanec:465,465,365,PSP3,163,155
psp:poslanec:466,466,214,PSP3,158,153
psp:poslanec:467,467,366,PSP3,164,154
psp:poslanec:468,468,215,PSP3,162,153
psp:poslanec:469,469,297,PSP3,158,151
psp:poslanec:470,470,367,PSP3,158,153
psp:poslanec:471,471,368,PSP3,159,156
psp:poslanec:472,472,261,PSP3,163,155
psp:poslanec:473,473,369,PSP3,157,155
psp:poslanec:474,474,306,PSP3,162,154
psp:poslanec:475,475,370,PSP3,158,153
psp:poslanec:476,476,371,PSP3,158,155
psp:poslanec:477,477,217,PSP3,158,153
psp:poslanec:478,478,372,PSP3,158,155
psp:poslanec:479,479,373,PSP3,158,155
psp:poslanec:480,480,54,PSP3,160,151
psp:poslanec:481,481,374,PSP3,162,155
psp:poslanec:482,482,375,PSP3,163,155
psp:poslanec:483,483,218,PSP3,161,153
psp:poslanec:484,484,307,PSP3,161,154
psp:poslanec:485,485,376,PSP3,158,153
psp:poslanec:486,486,377,PSP3,161,151
psp:poslanec:487,487,219,PSP3,158,153
psp:poslanec:488,488,63,PSP3,157,151
psp:poslanec:489,489,64,PSP3,157,151
psp:poslanec:490,490,335,PSP3,159,155
psp:poslanec:491,491,308,PSP3,157,154
psp:poslanec:492,492,67,PSP3,160,155
psp:poslanec:493,493,263,PSP3,159,155
psp:poslanec:494,494,378,PSP3,159,155
psp:poslanec:495,495,69,PSP3,159,155
psp:poslanec:496,496,379,PSP3,162,154
psp:poslanec:497,497,220,PSP3,162,153
psp:poslanec:498,498,380,PSP3,157,156
psp:poslanec:499,499,381,PSP3,158,156
psp:poslanec:500,500,222,PSP3,157,153
psp:poslanec:501,501,382,PSP3,157,153
psp:poslanec:502,502,309,PSP3,157,154
psp:poslanec:503,503,383,PSP3,158,155
psp:poslanec:504,504,79,PSP3,160,156
psp:poslanec:505,505,384,PSP3,159,155
psp:poslanec:506,506,77,PSP3,163,153
psp:poslanec:507,507,385,PSP3,163,155
psp:poslanec:508,508,386,PSP3,159,153
psp:poslanec:509,509,387,PSP3,163,155
psp:poslanec:510,510,388,PSP3,163,153
psp:poslanec:511,511,389,PSP3,162,156
psp:poslanec:512,512,224,PSP3,164,153
psp:poslanec:513,513,225,PSP3,161,153
psp:poslanec:514,514,390,PSP3,158,151
psp:poslanec:515,515,391,PSP3,164,155
psp:poslanec:516,516,266,PSP3,158,155
psp:poslanec:517,517,226,PSP3,162,153
psp:poslanec:518,518,392,PSP3,164,151
psp:poslanec:519,519,91,PSP3,157,156
psp:poslanec:520,520,299,PSP3,163,151
psp:poslanec:521,521,393,PSP3,161,153
psp:poslanec:522,522,227,PSP3,158,153
psp:poslanec:523,523,394,PSP3,162,156
psp:poslanec:524,524,229,PSP3,160,153
psp:poslanec:525,525,99,PSP3,163,154
psp:poslanec:526,526,395,PSP3,163,156
psp:poslanec:527,527,396,PSP3,163,153
psp:poslanec:528,528,310,PSP3,164,154
psp:poslanec:529,529,397,PSP3,158,156
psp:poslanec:530,530,105,PSP3,157,154
psp:poslanec:531,531,107,PSP3,162,155
psp:poslanec:532,532,398,PSP3,159,156
psp:poslanec:533,533,399,PSP3,158,151
psp:poslanec:534,534,110,PSP3,163,155
psp:poslanec:535,535,111,PSP3,158,155
psp:poslanec:536,536,400,PSP3,163,155
psp:poslanec:537,537,401,PSP3,157,155
psp:poslanec:538,538,402,PSP3,160,155
psp:poslanec:539,539,403,PSP3,160,156
psp:poslanec:540,540,404,PSP3,158,156
psp:poslanec:541,541,122,PSP3,163,153
psp:poslanec:542,542,405,PSP3,162,155
psp:poslanec:543,543,124,PSP3,158,153
psp:poslanec:544,544,269,PSP3,164,155
psp:poslanec:545,545,406,PSP3,163,155
psp:poslanec:546,546,340,PSP3,160,151
psp:poslanec:547,547,407,PSP3,163,155
psp:poslanec:548,548,408,PSP3,157,156
psp:poslanec:549,549,127,PSP3,159,155
psp:poslanec:550,550,409,PSP3,157,155
psp:poslanec:551,551,270,PSP3,157,155
psp:poslanec:552,552,129,PSP3,161,156
psp:poslanec:553,553,410,PSP3,158,153
psp:poslanec:554,554,411,PSP3,160,153
psp:poslanec:555,555,272,PSP3,163,156
psp:poslanec:556,556,273,PSP3,157,155
psp:poslanec:557,557,275,PSP3,157,155
psp:poslanec:558,558,232,PSP3,158,153
psp:poslanec:559,559,311,PSP3,160,154
psp:poslanec:560,560,136,PSP3,158,154
psp:poslanec:561,561,412,PSP3,159,155
psp:poslanec:562,562,312,PSP3,157,154
psp:poslanec:563,563,233,PSP3,157,153
psp:poslanec:564,564,277,PSP3,158,155
psp:poslanec:565,565,143,PSP3,163,151
psp:poslanec:566,566,234,PSP3,157,153
psp:poslanec:567,567,235,PSP3,157,153
psp:poslanec:568,568,236,PSP3,163,153
psp:poslanec:569,569,237,PSP3,157,153
psp:poslanec:570,570,413,PSP3,162,153
psp:poslanec:571,571,414,PSP3,157,153
psp:poslanec:572,572,415,PSP3,157,155
psp:poslanec:573,573,416,PSP3,159,151
psp:poslanec:574,574,417,PSP3,159,156
psp:poslanec:575,575,418,PSP3,164,155
psp:poslanec:576,576,313,PSP3,163,154
psp:poslanec:577,577,156,PSP3,158,151
psp:poslanec:578,578,239,PSP3,157,153
psp:poslanec:579,579,301,PSP3,157,151
psp:poslanec:580,580,240,PSP3,162,153
psp:poslanec:581,581,241,PSP3,161,153
psp:poslanec:582,582,419,PSP3,159,153
psp:poslanec:583,583,242,PSP3,163,153
psp:poslanec:584,584,162,PSP3,163,154
psp:poslanec:585,585,243,PSP3,158,153
psp:poslanec:586,586,420,PSP3,157,151
psp:poslanec:587,587,278,PSP3,158,155
psp:poslanec:588,588,302,PSP3,161,151
psp:poslanec:589,589,421,PSP3,159,155
psp:poslanec:590,590,244,PSP3,160,155
psp:poslanec:591,591,245,PSP3,158,153
psp:poslanec:592,592,246,PSP3,163,153
psp:poslanec:593,593,164,PSP3,160,155
psp:poslanec:594,594,165,PSP3,162,151
psp:poslanec:595,595,247,PSP3,164,153
psp:poslanec:596,596,248,PSP3,158,153
psp:poslanec:597,597,422,PSP3,160,153
psp:poslanec:598,598,249,PSP3,157,153
psp:poslanec:599,599,423,PSP3,157,155
psp:poslanec:600,600,424,PSP3,162,153
psp:poslanec:601,601,280,PSP3,160,155
psp:poslanec:602,602,181,PSP3,161,156
psp:poslanec:603,603,250,PSP3,157,153
psp:poslanec:604,604,425,PSP3,158,154
psp:poslanec:605,605,426,PSP3,160,153
psp:poslanec:606,606,282,PSP3,162,155
psp:poslanec:607,607,185,PSP3,164,156
psp:poslanec:608,608,427,PSP3,159,153
psp:poslanec:609,609,193,PSP3,163,151
psp:poslanec:610,610,428,PSP3,157,153
psp:poslanec:611,611,317,PSP3,158,154
psp:poslanec:612,612,429,PSP3,159,155
psp:poslanec:613,613,430,PSP3,161,155
psp:poslanec:614,614,252,PSP3,158,153
psp:poslanec:615,615,431,PSP3,157,155
psp:poslanec:616,616,196,PSP3,161,153
psp:poslanec:617,617,253,PSP3,158,153
psp:poslanec:618,618,432,PSP3,162,155
psp:poslanec:619,619,285,PSP3,161,155
psp:poslanec:620,620,254,PSP3,160,153
psp:poslanec:621,621,457,PSP3,163,151
psp:poslanec:622,622,5193,PSP3,159,153
psp:poslanec:623,623,5213,PSP3,160,155
psp:poslanec:624,624,5214,PSP3,158,155
psp:poslanec:625,625,5241,PSP3,161,156
psp:poslanec:626,626,5242,PSP3,162,151
psp:poslanec:627,627,16,PSP4,581,153
psp:poslanec:628,628,5252,PSP4,581,153
psp:poslanec:629,629,386,PSP4,581,153
psp:poslanec:630,630,419,PSP4,581,153
psp:poslanec:631,631,357,PSP4,581,155
psp:poslanec:632,632,335,PSP4,581,155
psp:poslanec:633,633,263,PSP4,581,155
psp:poslanec:634,634,378,PSP4,581,155
psp:poslanec:635,635,421,PSP4,581,155
psp:poslanec:636,636,429,PSP4,581,155
psp:poslanec:637,637,31,PSP4,581,154
psp:poslanec:638,638,100,PSP4,581,595
psp:poslanec:639,639,417,PSP4,581,595
psp:poslanec:640,640,349,PSP4,582,153
psp:poslanec:641,641,39,PSP4,582,153
psp:poslanec:642,642,454,PSP4,582,153
psp:poslanec:643,643,422,PSP4,582,153
psp:poslanec:644,644,353,PSP4,582,155
psp:poslanec:645,645,360,PSP4,582,155
psp:poslanec:646,646,5213,PSP4,582,155
psp:poslanec:647,647,67,PSP4,582,155
psp:poslanec:648,648,244,PSP4,582,155
psp:poslanec:649,649,164,PSP4,582,155
psp:poslanec:650,650,280,PSP4,582,155
psp:poslanec:651,651,36,PSP4,582,154
psp:poslanec:652,652,311,PSP4,582,154
psp:poslanec:653,653,54,PSP4,582,595
psp:poslanec:654,654,403,PSP4,582,595
psp:poslanec:655,655,340,PSP4,582,595
psp:poslanec:656,656,225,PSP4,583,153
psp:poslanec:657,657,241,PSP4,583,153
psp:poslanec:658,658,196,PSP4,583,153
psp:poslanec:659,659,347,PSP4,583,155
psp:poslanec:660,660,356,PSP4,583,155
psp:poslanec:661,661,430,PSP4,583,155
psp:poslanec:662,662,285,PSP4,583,155
psp:poslanec:663,663,303,PSP4,583,154
psp:poslanec:664,664,377,PSP4,583,595
psp:poslanec:665,665,302,PSP4,583,595
psp:poslanec:666,666,210,PSP4,584,153
psp:poslanec:667,667,211,PSP4,584,153
psp:poslanec:668,668,348,PSP4,584,155
psp:poslanec:669,669,269,PSP4,584,155
psp:poslanec:670,670,310,PSP4,584,154
psp:poslanec:671,671,392,PSP4,584,595
psp:poslanec:672,672,247,PSP4,585,153
psp:poslanec:673,673,366,PSP4,585,154
psp:poslanec:674,674,344,PSP4,586,153
psp:poslanec:675,675,215,PSP4,586,153
psp:poslanec:676,676,220,PSP4,586,153
psp:poslanec:677,677,226,PSP4,586,153
psp:poslanec:678,678,405,PSP4,586,155
psp:poslanec:679,679,282,PSP4,586,155
psp:poslanec:680,680,19,PSP4,586,154
psp:poslanec:681,681,306,PSP4,586,154
psp:poslanec:682,682,379,PSP4,586,154
psp:poslanec:683,683,389,PSP4,586,595
psp:poslanec:684,684,77,PSP4,587,153
psp:poslanec:685,685,374,PSP4,587,155
psp:poslanec:686,686,206,PSP4,587,154
psp:poslanec:687,687,122,PSP4,588,153
psp:poslanec:688,688,4737,PSP4,588,153
psp:poslanec:689,689,236,PSP4,588,153
psp:poslanec:690,690,261,PSP4,588,155
psp:poslanec:691,691,5253,PSP4,588,155
psp:poslanec:692,692,407,PSP4,588,155
psp:poslanec:693,693,416,PSP4,588,595
psp:poslanec:694,694,396,PSP4,589,153
psp:poslanec:695,695,246,PSP4,589,153
psp:poslanec:696,696,110,PSP4,589,155
psp:poslanec:697,697,400,PSP4,589,155
psp:poslanec:698,698,406,PSP4,589,155
psp:poslanec:699,699,99,PSP4,589,154
psp:poslanec:700,700,398,PSP4,589,595
psp:poslanec:701,701,193,PSP4,589,595
psp:poslanec:702,702,234,PSP4,590,153
psp:poslanec:703,703,5217,PSP4,590,153
psp:poslanec:704,704,401,PSP4,590,155
psp:poslanec:705,705,270,PSP4,590,155
psp:poslanec:706,706,309,PSP4,590,154
psp:poslanec:707,707,63,PSP4,590,595
psp:poslanec:708,708,64,PSP4,590,595
psp:poslanec:709,709,382,PSP4,591,153
psp:poslanec:710,710,235,PSP4,591,153
psp:poslanec:711,711,237,PSP4,591,153
psp:poslanec:712,712,239,PSP4,591,153
psp:poslanec:713,713,249,PSP4,591,153
psp:poslanec:714,714,345,PSP4,591,155
psp:poslanec:715,715,275,PSP4,591,155
psp:poslanec:716,716,415,PSP4,591,155
psp:poslanec:717,717,423,PSP4,591,155
psp:poslanec:718,718,305,PSP4,591,154
psp:poslanec:719,719,312,PSP4,591,154
psp:poslanec:720,720,295,PSP4,591,595
psp:poslanec:721,721,333,PSP4,591,595
psp:poslanec:722,722,420,PSP4,591,595
psp:poslanec:723,723,209,PSP4,592,153
psp:poslanec:724,724,367,PSP4,592,153
psp:poslanec:725,725,219,PSP4,592,153
psp:poslanec:726,726,250,PSP4,592,153
psp:poslanec:727,727,358,PSP4,592,155
psp:poslanec:728,728,266,PSP4,592,155
psp:poslanec:729,729,425,PSP4,592,154
psp:poslanec:730,730,390,PSP4,592,595
psp:poslanec:731,731,243,PSP4,593,153
psp:poslanec:732,732,111,PSP4,593,155
psp:poslanec:733,733,273,PSP4,593,155
psp:poslanec:734,734,431,PSP4,593,155
psp:poslanec:735,735,301,PSP4,593,595
psp:poslanec:736,736,5120,PSP4,594,153
psp:poslanec:737,737,227,PSP4,594,153
psp:poslanec:738,738,124,PSP4,594,153
psp:poslanec:739,739,248,PSP4,594,153
psp:poslanec:740,740,252,PSP4,594,153
psp:poslanec:741,741,371,PSP4,594,155
psp:poslanec:742,742,372,PSP4,594,155
psp:poslanec:743,743,383,PSP4,594,155
psp:poslanec:744,744,437,PSP4,594,155
psp:poslanec:745,745,277,PSP4,594,155
psp:poslanec:746,746,304,PSP4,594,154
psp:poslanec:747,747,136,PSP4,594,154
psp:poslanec:748,748,317,PSP4,594,154
psp:poslanec:749,749,297,PSP4,594,595
psp:poslanec:750,750,450,PSP4,581,153
psp:poslanec:751,751,5254,PSP4,581,153
psp:poslanec:752,752,5255,PSP4,581,153
psp:poslanec:753,753,5256,PSP4,581,155
psp:poslanec:754,754,5257,PSP4,581,155
psp:poslanec:755,755,5258,PSP4,581,155
psp:poslanec:756,756,5259,PSP4,581,155
psp:poslanec:757,757,5260,PSP4,581,154
psp:poslanec:758,758,5261,PSP4,581,154
psp:poslanec:759,759,5263,PSP4,582,153
psp:poslanec:760,760,5264,PSP4,582,153
psp:poslanec:761,761,5265,PSP4,582,153
psp:poslanec:762,762,5266,PSP4,582,153
psp:poslanec:763,763,5267,PSP4,582,154
psp:poslanec:764,764,4778,PSP4,582,154
psp:poslanec:765,765,5268,PSP4,582,154
psp:poslanec:766,766,5269,PSP4,583,153
psp:poslanec:767,767,5270,PSP4,583,154
psp:poslanec:768,768,5271,PSP4,584,153
psp:poslanec:769,769,5272,PSP4,584,153
psp:poslanec:770,770,5273,PSP4,584,155
psp:poslanec:771,771,5274,PSP4,584,154
psp:poslanec:772,772,5275,PSP4,584,154
psp:poslanec:773,773,5276,PSP4,585,153
psp:poslanec:774,774,5277,PSP4,585,155
psp:poslanec:775,775,5278,PSP4,585,155
psp:poslanec:776,776,5279,PSP4,586,153
psp:poslanec:777,777,5280,PSP4,586,155
psp:poslanec:778,778,5281,PSP4,586,155
psp:poslanec:779,779,5282,PSP4,586,154
psp:poslanec:780,780,5283,PSP4,587,153
psp:poslanec:781,781,5284,PSP4,587,153
psp:poslanec:782,782,5285,PSP4,587,155
psp:poslanec:783,783,5286,PSP4,587,155
psp:poslanec:784,784,5288,PSP4,588,153
psp:poslanec:785,785,5289,PSP4,588,154
psp:poslanec:786,786,5290,PSP4,588,154
psp:poslanec:787,787,5291,PSP4,588,595
psp:poslanec:788,788,5292,PSP4,589,153
psp:poslanec:789,789,5293,PSP4,589,154
psp:poslanec:790,790,354,PSP4,590,153
psp:poslanec:791,791,5294,PSP4,590,153
psp:poslanec:792,792,5295,PSP4,590,154
psp:poslanec:793,793,5296,PSP4,590,154
psp:poslanec:794,794,5297,PSP4,591,153
psp:poslanec:795,795,5298,PSP4,591,153
psp:poslanec:796,796,5299,PSP4,591,153
psp:poslanec:797,797,5300,PSP4,591,155
psp:poslanec:798,798,5301,PSP4,591,155
psp:poslanec:799,799,5302,PSP4,591,154
psp:poslanec:800,800,5303,PSP4,591,154
psp:poslanec:801,801,5304,PSP4,591,154
psp:poslanec:802,802,5305,PSP4,591,595
psp:poslanec:803,803,5306,PSP4,592,155
psp:poslanec:804,804,5307,PSP4,592,154
psp:poslanec:805,805,5308,PSP4,592,154
psp:poslanec:806,806,5309,PSP4,592,595
psp:poslanec:807,807,230,PSP4,593,153
psp:poslanec:808,808,5310,PSP4,593,153
psp:poslanec:809,809,5311,PSP4,593,153
psp:poslanec:810,810,5312,PSP4,593,154
psp:poslanec:811,811,5313,PSP4,593,154
psp:poslanec:812,812,5314,PSP4,593,595
psp:poslanec:813,813,5315,PSP4,593,595
psp:poslanec:814,814,5316,PSP4,594,153
psp:poslanec:815,815,5317,PSP4,594,153
psp:poslanec:816,816,5318,PSP4,594,153
psp:poslanec:817,817,5319,PSP4,594,153
psp:poslanec:818,818,5320,PSP4,594,153
psp:poslanec:819,819,5321,PSP4,594,154
psp:poslanec:820,820,5322,PSP4,594,154
psp:poslanec:821,821,5323,PSP4,594,595
psp:poslanec:822,822,5324,PSP4,594,595
psp:poslanec:823,823,5325,PSP4,581,595
psp:poslanec:824,824,5224,PSP4,581,595
psp:poslanec:825,825,5262,PSP4,581,595
psp:poslanec:826,826,5287,PSP4,587,595
psp:poslanec:827,827,5328,PSP4,586,154
psp:poslanec:828,828,412,PSP4,581,155
psp:poslanec:829,829,5342,PSP4,588,153
psp:poslanec:830,830,143,PSP4,589,595
psp:poslanec:831,831,5357,PSP4,589,595
psp:poslanec:832,832,218,PSP4,590,153
psp:poslanec:833,833,5365,PSP4,581,595
psp:poslanec:834,834,5375,PSP4,588,155
psp:poslanec:835,835,381,PSP4,594,156
psp:poslanec:836,836,5376,PSP4,582,155
psp:poslanec:837,837,4,PSP4,581,155
psp:poslanec:838,838,5377,PSP4,586,155
psp:poslanec:839,839,5378,PSP4,582,155
psp:poslanec:840,840,5379,PSP4,583,155
psp:poslanec:841,841,426,PSP4,582,153
psp:poslanec:842,842,5380,PSP4,584,154
psp:poslanec:843,843,361,PSP4,582,154
psp:poslanec:844,844,5381,PSP4,586,154
psp:poslanec:845,845,5385,PSP4,583,153
psp:poslanec:846,846,5386,PSP4,581,153
psp:poslanec:847,847,5387,PSP4,582,153
psp:poslanec:848,848,410,PSP4,594,153
psp:poslanec:849,849,411,PSP4,582,153
psp:poslanec:850,850,5388,PSP4,582,153
psp:poslanec:851,851,12,PSP4,584,153
psp:poslanec:852,852,363,PSP4,584,153
psp:poslanec:853,853,5395,PSP4,582,153
psp:poslanec:854,854,5401,PSP4,592,153
psp:poslanec:855,855,393,PSP4,583,153
psp:poslanec:856,856,5407,PSP4,594,153
psp:poslanec:857,857,4527,PSP4,587,154
psp:poslanec:858,858,1919,PSP4,581,155
psp:poslanec:859,859,362,PSP4,587,153
psp:poslanec:860,860,5414,PSP4,582,153
psp:poslanec:861,861,5415,PSP4,586,153
psp:poslanec:862,862,5429,PSP4,591,153
psp:poslanec:863,863,5430,PSP4,591,153
psp:poslanec:864,864,295,PSP5,591,151
psp:poslanec:865,865,344,PSP5,586,153
psp:poslanec:866,866,5444,PSP5,583,153
psp:poslanec:867,867,345,PSP5,591,155
psp:poslanec:868,868,5379,PSP5,583,155
psp:poslanec:869,869,5302,PSP5,591,154
psp:poslanec:870,870,312,PSP5,591,154
psp:poslanec:871,871,4,PSP5,581,155
psp:poslanec:872,872,5295,PSP5,590,154
psp:poslanec:873,873,5445,PSP5,592,155
psp:poslanec:874,874,5446,PSP5,582,155
psp:poslanec:875,875,5447,PSP5,583,153
psp:poslanec:876,876,5342,PSP5,588,153
psp:poslanec:877,877,5270,PSP5,583,154
psp:poslanec:878,878,5256,PSP5,581,155
psp:poslanec:879,879,5383,PSP5,590,153
psp:poslanec:880,880,5448,PSP5,581,155
psp:poslanec:881,881,441,PSP5,581,749
psp:poslanec:882,882,5449,PSP5,594,151
psp:poslanec:883,883,5450,PSP5,589,155
psp:poslanec:884,884,5451,PSP5,586,153
psp:poslanec:885,885,5307,PSP5,592,154
psp:poslanec:886,886,354,PSP5,590,153
psp:poslanec:887,887,5452,PSP5,586,153
psp:poslanec:888,888,5263,PSP5,582,153
psp:poslanec:889,889,5453,PSP5,583,155
psp:poslanec:890,890,5454,PSP5,581,153
psp:poslanec:891,891,5455,PSP5,584,155
psp:poslanec:892,892,356,PSP5,583,155
psp:poslanec:893,893,5261,PSP5,581,154
psp:poslanec:894,894,5456,PSP5,582,153
psp:poslanec:895,895,5257,PSP5,581,155
psp:poslanec:896,896,360,PSP5,582,155
psp:poslanec:897,897,5457,PSP5,587,153
psp:poslanec:898,898,31,PSP5,581,154
psp:poslanec:899,899,5458,PSP5,585,153
psp:poslanec:900,900,5459,PSP5,592,155
psp:poslanec:901,901,5267,PSP5,582,154
psp:poslanec:902,902,303,PSP5,583,154
psp:poslanec:903,903,5460,PSP5,591,155
psp:poslanec:904,904,1296,PSP5,586,155
psp:poslanec:905,905,305,PSP5,591,154
psp:poslanec:906,906,4778,PSP5,582,154
psp:poslanec:907,907,363,PSP5,584,153
psp:poslanec:908,908,5461,PSP5,594,154
psp:poslanec:909,909,5462,PSP5,582,153
psp:poslanec:910,910,5291,PSP5,588,151
psp:poslanec:911,911,5285,PSP5,587,155
psp:poslanec:912,912,5297,PSP5,591,153
psp:poslanec:913,913,5463,PSP5,590,155
psp:poslanec:914,914,366,PSP5,585,154
psp:poslanec:915,915,261,PSP5,588,155
psp:poslanec:916,916,5314,PSP5,593,151
psp:poslanec:917,917,5464,PSP5,591,155
psp:poslanec:918,918,371,PSP5,594,155
psp:poslanec:919,919,5465,PSP5,594,153
psp:poslanec:920,920,372,PSP5,594,155
psp:poslanec:921,921,5466,PSP5,581,749
psp:poslanec:922,922,5467,PSP5,594,749
psp:poslanec:923,923,5402,PSP5,583,153
psp:poslanec:924,924,375,PSP5,588,155
psp:poslanec:925,925,374,PSP5,587,155
psp:poslanec:926,926,218,PSP5,590,153
psp:poslanec:927,927,5468,PSP5,588,155
psp:poslanec:928,928,5469,PSP5,581,153
psp:poslanec:929,929,377,PSP5,583,151
psp:poslanec:930,930,64,PSP5,590,151
psp:poslanec:931,931,335,PSP5,581,155
psp:poslanec:932,932,67,PSP5,582,155
psp:poslanec:933,933,5470,PSP5,583,155
psp:poslanec:934,934,68,PSP5,594,153
psp:poslanec:935,935,5375,PSP5,588,155
psp:poslanec:936,936,5321,PSP5,594,154
psp:poslanec:937,937,5313,PSP5,593,154
psp:poslanec:938,938,5471,PSP5,592,153
psp:poslanec:939,939,309,PSP5,590,154
psp:poslanec:940,940,383,PSP5,594,155
psp:poslanec:941,941,5279,PSP5,586,153
psp:poslanec:942,942,5472,PSP5,592,153
psp:poslanec:943,943,5385,PSP5,583,153
psp:poslanec:944,944,5306,PSP5,592,155
psp:poslanec:945,945,5473,PSP5,594,155
psp:poslanec:946,946,386,PSP5,581,153
psp:poslanec:947,947,5407,PSP5,594,153
psp:poslanec:948,948,5474,PSP5,594,153
psp:poslanec:949,949,390,PSP5,592,151
psp:poslanec:950,950,266,PSP5,592,155
psp:poslanec:951,951,5475,PSP5,584,153
psp:poslanec:952,952,5476,PSP5,581,155
psp:poslanec:953,953,5477,PSP5,588,153
psp:poslanec:954,954,5274,PSP5,584,154
psp:poslanec:955,955,5478,PSP5,588,155
psp:poslanec:956,956,5479,PSP5,589,155
psp:poslanec:957,957,5480,PSP5,591,749
psp:poslanec:958,958,5481,PSP5,587,155
psp:poslanec:959,959,5258,PSP5,581,155
psp:poslanec:960,960,5290,PSP5,588,154
psp:poslanec:961,961,5328,PSP5,586,154
psp:poslanec:962,962,396,PSP5,589,153
psp:poslanec:963,963,5414,PSP5,582,153
psp:poslanec:964,964,230,PSP5,593,153
psp:poslanec:965,965,5300,PSP5,591,155
psp:poslanec:966,966,5482,PSP5,586,153
psp:poslanec:967,967,5317,PSP5,594,153
psp:poslanec:968,968,5308,PSP5,592,154
psp:poslanec:969,969,5483,PSP5,594,155
psp:poslanec:970,970,5484,PSP5,582,155
psp:poslanec:971,971,111,PSP5,593,155
psp:poslanec:972,972,401,PSP5,590,155
psp:poslanec:973,973,5485,PSP5,593,153
psp:poslanec:974,974,5259,PSP5,581,155
psp:poslanec:975,975,5486,PSP5,591,153
psp:poslanec:976,976,5322,PSP5,594,154
psp:poslanec:977,977,122,PSP5,588,153
psp:poslanec:978,978,269,PSP5,584,155
psp:poslanec:979,979,406,PSP5,589,155
psp:poslanec:980,980,340,PSP5,582,151
psp:poslanec:981,981,5384,PSP5,586,153
psp:poslanec:982,982,5277,PSP5,585,155
psp:poslanec:983,983,410,PSP5,594,153
psp:poslanec:984,984,5487,PSP5,591,153
psp:poslanec:985,985,5488,PSP5,589,155
psp:poslanec:986,986,273,PSP5,593,155
psp:poslanec:987,987,5489,PSP5,582,155
psp:poslanec:988,988,275,PSP5,591,155
psp:poslanec:989,989,5490,PSP5,587,153
psp:poslanec:990,990,5491,PSP5,591,153
psp:poslanec:991,991,5492,PSP5,586,155
psp:poslanec:992,992,5273,PSP5,584,155
psp:poslanec:993,993,5493,PSP5,584,155
psp:poslanec:994,994,5494,PSP5,586,749
psp:poslanec:995,995,5495,PSP5,582,155
psp:poslanec:996,996,5318,PSP5,594,153
psp:poslanec:997,997,5496,PSP5,587,155
psp:poslanec:998,998,5406,PSP5,581,153
psp:poslanec:999,999,5497,PSP5,581,155
psp:poslanec:1000,1000,5498,PSP5,581,155
psp:poslanec:1001,1001,5499,PSP5,581,155
psp:poslanec:1002,1002,5500,PSP5,586,155
psp:poslanec:1003,1003,5265,PSP5,582,153
psp:poslanec:1004,1004,437,PSP5,594,155
psp:poslanec:1005,1005,5310,PSP5,593,153
psp:poslanec:1006,1006,277,PSP5,594,155
psp:poslanec:1007,1007,143,PSP5,589,151
psp:poslanec:1008,1008,5378,PSP5,582,155
psp:poslanec:1009,1009,5501,PSP5,591,155
psp:poslanec:1010,1010,235,PSP5,591,153
psp:poslanec:1011,1011,5311,PSP5,593,153
psp:poslanec:1012,1012,236,PSP5,588,153
psp:poslanec:1013,1013,5502,PSP5,589,154
psp:poslanec:1014,1014,237,PSP5,591,153
psp:poslanec:1015,1015,5503,PSP5,589,153
psp:poslanec:1016,1016,415,PSP5,591,155
psp:poslanec:1017,1017,5278,PSP5,585,155
psp:poslanec:1018,1018,5504,PSP5,582,153
psp:poslanec:1019,1019,416,PSP5,581,151
psp:poslanec:1020,1020,5255,PSP5,581,153
psp:poslanec:1021,1021,5505,PSP5,593,155
psp:poslanec:1022,1022,5320,PSP5,594,153
psp:poslanec:1023,1023,5301,PSP5,591,155
psp:poslanec:1024,1024,5282,PSP5,586,154
psp:poslanec:1025,1025,5506,PSP5,584,154
psp:poslanec:1026,1026,5326,PSP5,591,151
psp:poslanec:1027,1027,5507,PSP5,594,153
psp:poslanec:1028,1028,239,PSP5,593,153
psp:poslanec:1029,1029,5508,PSP5,584,153
psp:poslanec:1030,1030,5509,PSP5,590,155
psp:poslanec:1031,1031,301,PSP5,593,151
psp:poslanec:1032,1032,5510,PSP5,586,155
psp:poslanec:1033,1033,5511,PSP5,583,155
psp:poslanec:1034,1034,419,PSP5,581,153
psp:poslanec:1035,1035,5512,PSP5,581,155
psp:poslanec:1036,1036,420,PSP5,591,151
psp:poslanec:1037,1037,421,PSP5,581,155
psp:poslanec:1038,1038,5513,PSP5,591,153
psp:poslanec:1039,1039,5514,PSP5,592,153
psp:poslanec:1040,1040,5376,PSP5,582,155
psp:poslanec:1041,1041,164,PSP5,582,155
psp:poslanec:1042,1042,5515,PSP5,581,155
psp:poslanec:1043,1043,5516,PSP5,593,155
psp:poslanec:1044,1044,422,PSP5,582,153
psp:poslanec:1045,1045,5517,PSP5,592,153
psp:poslanec:1046,1046,5292,PSP5,589,153
psp:poslanec:1047,1047,5519,PSP5,585,153
psp:poslanec:1048,1048,280,PSP5,582,155
psp:poslanec:1049,1049,5520,PSP5,584,155
psp:poslanec:1050,1050,250,PSP5,592,153
psp:poslanec:1051,1051,426,PSP5,582,153
psp:poslanec:1052,1052,282,PSP5,586,155
psp:poslanec:1053,1053,4527,PSP5,587,154
psp:poslanec:1054,1054,5268,PSP5,582,154
psp:poslanec:1055,1055,5272,PSP5,584,153
psp:poslanec:1056,1056,5521,PSP5,594,153
psp:poslanec:1057,1057,430,PSP5,583,155
psp:poslanec:1058,1058,252,PSP5,594,153
psp:poslanec:1059,1059,5415,PSP5,587,153
psp:poslanec:1060,1060,5522,PSP5,589,153
psp:poslanec:1061,1061,5294,PSP5,590,153
psp:poslanec:1062,1062,5523,PSP5,582,749
psp:poslanec:1063,1063,5298,PSP5,591,153
psp:poslanec:1064,1064,5562,PSP5,582,153
psp:poslanec:1065,1065,5766,PSP5,582,155
psp:poslanec:1066,1066,5767,PSP5,581,155
psp:poslanec:1067,1067,5768,PSP5,591,154
psp:poslanec:1068,1068,5388,PSP5,582,153
psp:poslanec:1069,1069,5769,PSP5,592,153
psp:poslanec:1070,1070,5770,PSP5,591,153
psp:poslanec:1071,1071,5771,PSP5,591,153
psp:poslanec:1072,1072,5430,PSP5,591,153
psp:poslanec:1073,1073,5774,PSP5,589,153
psp:poslanec:1074,1074,5775,PSP5,592,153
psp:poslanec:1075,1075,5819,PSP5,591,151
psp:poslanec:1076,1076,5021,PSP5,591,153
psp:poslanec:1077,1077,5865,PSP5,594,153
psp:poslanec:1078,1078,5284,PSP5,587,153
psp:poslanec:1079,1079,5866,PSP5,594,153
psp:poslanec:1080,1080,5867,PSP5,594,155
psp:poslanec:1081,1081,5868,PSP5,581,155
psp:poslanec:1082,1082,333,PSP5,591,151
psp:poslanec:1083,1083,5883,PSP5,594,155
psp:poslanec:1084,1084,5886,PSP5,592,153
psp:poslanec:1085,1085,5888,PSP5,581,155
psp:poslanec:1086,1086,5889,PSP5,592,153
psp:poslanec:1087,1087,5316,PSP5,594,153
psp:poslanec:1088,1088,5768,PSP6,591,154
psp:poslanec:1089,1089,5890,PSP6,592,949
psp:poslanec:1090,1090,5891,PSP6,590,153
psp:poslanec:1091,1091,5892,PSP6,591,949
psp:poslanec:1092,1092,5444,PSP6,583,153
psp:poslanec:1093,1093,5893,PSP6,581,949
psp:poslanec:1094,1094,345,PSP6,591,155
psp:poslanec:1095,1095,5894,PSP6,583,155
psp:poslanec:1096,1096,5379,PSP6,583,155
psp:poslanec:1097,1097,312,PSP6,591,154
psp:poslanec:1098,1098,5895,PSP6,581,155
psp:poslanec:1099,1099,4,PSP6,581,155
psp:poslanec:1100,1100,346,PSP6,582,155
psp:poslanec:1101,1101,5896,PSP6,582,948
psp:poslanec:1102,1102,5897,PSP6,583,948
psp:poslanec:1103,1103,5445,PSP6,592,155
psp:poslanec:1104,1104,5447,PSP6,583,153
psp:poslanec:1105,1105,5342,PSP6,588,153
psp:poslanec:1106,1106,5270,PSP6,583,154
psp:poslanec:1107,1107,5898,PSP6,594,948
psp:poslanec:1108,1108,5383,PSP6,590,153
psp:poslanec:1109,1109,5899,PSP6,585,155
psp:poslanec:1110,1110,5900,PSP6,589,948
psp:poslanec:1111,1111,5901,PSP6,588,948
psp:poslanec:1112,1112,5902,PSP6,589,155
psp:poslanec:1113,1113,5903,PSP6,581,155
psp:poslanec:1114,1114,5307,PSP6,592,154
psp:poslanec:1115,1115,354,PSP6,590,153
psp:poslanec:1116,1116,5453,PSP6,583,155
psp:poslanec:1117,1117,5904,PSP6,591,949
psp:poslanec:1118,1118,356,PSP6,583,155
psp:poslanec:1119,1119,5261,PSP6,581,154
psp:poslanec:1120,1120,5456,PSP6,582,153
psp:poslanec:1121,1121,5905,PSP6,586,948
psp:poslanec:1122,1122,5906,PSP6,594,949
psp:poslanec:1123,1123,5907,PSP6,594,155
psp:poslanec:1124,1124,5908,PSP6,581,948
psp:poslanec:1125,1125,211,PSP6,584,153
psp:poslanec:1126,1126,5909,PSP6,587,948
psp:poslanec:1127,1127,5459,PSP6,592,155
psp:poslanec:1128,1128,303,PSP6,583,154
psp:poslanec:1129,1129,5460,PSP6,591,155
psp:poslanec:1130,1130,5990,PSP6,590,155
psp:poslanec:1131,1131,5910,PSP6,581,155
psp:poslanec:1132,1132,5911,PSP6,586,153
psp:poslanec:1133,1133,5912,PSP6,589,949
psp:poslanec:1134,1134,5913,PSP6,582,155
psp:poslanec:1135,1135,1296,PSP6,586,155
psp:poslanec:1136,1136,5914,PSP6,593,948
psp:poslanec:1137,1137,305,PSP6,591,154
psp:poslanec:1138,1138,5915,PSP6,583,948
psp:poslanec:1139,1139,4778,PSP6,582,154
psp:poslanec:1140,1140,5461,PSP6,594,154
psp:poslanec:1141,1141,5462,PSP6,582,153
psp:poslanec:1142,1142,5916,PSP6,593,948
psp:poslanec:1143,1143,5297,PSP6,591,153
psp:poslanec:1144,1144,5917,PSP6,588,948
psp:poslanec:1145,1145,366,PSP6,585,154
psp:poslanec:1146,1146,5918,PSP6,592,153
psp:poslanec:1147,1147,5919,PSP6,587,948
psp:poslanec:1148,1148,261,PSP6,588,155
psp:poslanec:1149,1149,5920,PSP6,586,154
psp:poslanec:1150,1150,216,PSP6,581,153
psp:poslanec:1151,1151,5921,PSP6,582,949
psp:poslanec:1152,1152,5819,PSP6,591,948
psp:poslanec:1153,1153,5922,PSP6,592,948
psp:poslanec:1154,1154,5923,PSP6,591,949
psp:poslanec:1155,1155,5924,PSP6,581,155
psp:poslanec:1156,1156,5925,PSP6,585,948
psp:poslanec:1157,1157,5926,PSP6,589,153
psp:poslanec:1158,1158,5927,PSP6,594,153
psp:poslanec:1159,1159,5402,PSP6,583,153
psp:poslanec:1160,1160,5928,PSP6,584,948
psp:poslanec:1161,1161,5766,PSP6,582,155
psp:poslanec:1162,1162,5929,PSP6,582,948
psp:poslanec:1163,1163,5930,PSP6,590,948
psp:poslanec:1164,1164,5931,PSP6,589,155
psp:poslanec:1165,1165,5932,PSP6,581,949
psp:poslanec:1166,1166,5933,PSP6,586,949
psp:poslanec:1167,1167,377,PSP6,582,948
psp:poslanec:1168,1168,5934,PSP6,582,154
psp:poslanec:1169,1169,5935,PSP6,582,949
psp:poslanec:1170,1170,68,PSP6,594,153
psp:poslanec:1171,1171,5936,PSP6,594,949
psp:poslanec:1172,1172,5937,PSP6,581,155
psp:poslanec:1173,1173,5938,PSP6,589,154
psp:poslanec:1174,1174,5321,PSP6,594,154
psp:poslanec:1175,1175,5313,PSP6,593,154
psp:poslanec:1176,1176,5939,PSP6,581,948
psp:poslanec:1177,1177,5433,PSP6,581,153
psp:poslanec:1178,1178,5940,PSP6,591,948
psp:poslanec:1179,1179,5941,PSP6,586,948
psp:poslanec:1180,1180,309,PSP6,590,154
psp:poslanec:1181,1181,5279,PSP6,586,153
psp:poslanec:1182,1182,5472,PSP6,592,153
psp:poslanec:1183,1183,5473,PSP6,594,155
psp:poslanec:1184,1184,386,PSP6,581,153
psp:poslanec:1185,1185,5942,PSP6,581,948
psp:poslanec:1186,1186,5943,PSP6,582,948
psp:poslanec:1187,1187,5475,PSP6,584,153
psp:poslanec:1188,1188,5476,PSP6,581,948
psp:poslanec:1189,1189,5477,PSP6,588,153
psp:poslanec:1190,1190,5274,PSP6,584,154
psp:poslanec:1191,1191,392,PSP6,584,948
psp:poslanec:1192,1192,5944,PSP6,594,948
psp:poslanec:1193,1193,5290,PSP6,588,154
psp:poslanec:1194,1194,5945,PSP6,589,155
psp:poslanec:1195,1195,5300,PSP6,591,155
psp:poslanec:1196,1196,5317,PSP6,594,153
psp:poslanec:1197,1197,5946,PSP6,592,949
psp:poslanec:1198,1198,111,PSP6,593,155
psp:poslanec:1199,1199,5947,PSP6,587,154
psp:poslanec:1200,1200,5948,PSP6,592,154
psp:poslanec:1201,1201,401,PSP6,590,155
psp:poslanec:1202,1202,5949,PSP6,587,155
psp:poslanec:1203,1203,5950,PSP6,589,153
psp:poslanec:1204,1204,5485,PSP6,593,153
psp:poslanec:1205,1205,5991,PSP6,585,153
psp:poslanec:1206,1206,5992,PSP6,590,949
psp:poslanec:1207,1207,5486,PSP6,591,153
psp:poslanec:1208,1208,5951,PSP6,588,948
psp:poslanec:1209,1209,5322,PSP6,594,154
psp:poslanec:1210,1210,122,PSP6,588,153
psp:poslanec:1211,1211,5952,PSP6,583,949
psp:poslanec:1212,1212,5953,PSP6,588,155
psp:poslanec:1213,1213,269,PSP6,584,155
psp:poslanec:1214,1214,340,PSP6,583,948
psp:poslanec:1215,1215,5384,PSP6,586,153
psp:poslanec:1216,1216,5954,PSP6,581,949
psp:poslanec:1217,1217,5552,PSP6,581,153
psp:poslanec:1218,1218,5955,PSP6,581,948
psp:poslanec:1219,1219,5487,PSP6,591,153
psp:poslanec:1220,1220,273,PSP6,593,155
psp:poslanec:1221,1221,5490,PSP6,587,153
psp:poslanec:1222,1222,5956,PSP6,581,948
psp:poslanec:1223,1223,5273,PSP6,584,155
psp:poslanec:1224,1224,5957,PSP6,591,948
psp:poslanec:1225,1225,5495,PSP6,582,155
psp:poslanec:1226,1226,5958,PSP6,581,948
psp:poslanec:1227,1227,5406,PSP6,582,153
psp:poslanec:1228,1228,5959,PSP6,590,948
psp:poslanec:1229,1229,5993,PSP6,594,949
psp:poslanec:1230,1230,5296,PSP6,590,154
psp:poslanec:1231,1231,5960,PSP6,594,153
psp:poslanec:1232,1232,5961,PSP6,586,155
psp:poslanec:1233,1233,5310,PSP6,593,153
psp:poslanec:1234,1234,5962,PSP6,581,154
psp:poslanec:1235,1235,5963,PSP6,591,948
psp:poslanec:1236,1236,5558,PSP6,581,948
psp:poslanec:1237,1237,5501,PSP6,591,155
psp:poslanec:1238,1238,5964,PSP6,589,948
psp:poslanec:1239,1239,5965,PSP6,591,153
psp:poslanec:1240,1240,5966,PSP6,587,949
psp:poslanec:1241,1241,5967,PSP6,582,948
psp:poslanec:1242,1242,5311,PSP6,593,153
psp:poslanec:1243,1243,237,PSP6,591,153
psp:poslanec:1244,1244,5968,PSP6,588,155
psp:poslanec:1245,1245,5969,PSP6,594,155
psp:poslanec:1246,1246,5970,PSP6,585,949
psp:poslanec:1247,1247,415,PSP6,591,155
psp:poslanec:1248,1248,5505,PSP6,593,155
psp:poslanec:1249,1249,5971,PSP6,594,155
psp:poslanec:1250,1250,5972,PSP6,592,948
psp:poslanec:1251,1251,5301,PSP6,591,155
psp:poslanec:1252,1252,5282,PSP6,586,154
psp:poslanec:1253,1253,5506,PSP6,584,154
psp:poslanec:1254,1254,5507,PSP6,594,153
psp:poslanec:1255,1255,5973,PSP6,584,949
psp:poslanec:1256,1256,239,PSP6,593,153
psp:poslanec:1257,1257,5974,PSP6,586,153
psp:poslanec:1258,1258,5437,PSP6,582,155
psp:poslanec:1259,1259,5512,PSP6,581,155
psp:poslanec:1260,1260,5975,PSP6,588,949
psp:poslanec:1261,1261,5976,PSP6,586,949
psp:poslanec:1262,1262,5859,PSP6,586,155
psp:poslanec:1263,1263,5977,PSP6,586,153
psp:poslanec:1264,1264,5513,PSP6,591,153
psp:poslanec:1265,1265,5376,PSP6,582,155
psp:poslanec:1266,1266,5516,PSP6,593,155
psp:poslanec:1267,1267,422,PSP6,582,153
psp:poslanec:1268,1268,5978,PSP6,593,949
psp:poslanec:1269,1269,5979,PSP6,594,153
psp:poslanec:1270,1270,5292,PSP6,589,153
psp:poslanec:1271,1271,5980,PSP6,592,153
psp:poslanec:1272,1272,5981,PSP6,582,153
psp:poslanec:1273,1273,5866,PSP6,594,153
psp:poslanec:1274,1274,280,PSP6,582,155
psp:poslanec:1275,1275,5520,PSP6,584,155
psp:poslanec:1276,1276,5982,PSP6,581,155
psp:poslanec:1277,1277,5268,PSP6,582,154
psp:poslanec:1278,1278,5272,PSP6,584,153
psp:poslanec:1279,1279,5983,PSP6,582,949
psp:poslanec:1280,1280,5984,PSP6,587,155
psp:poslanec:1281,1281,5985,PSP6,594,155
psp:poslanec:1282,1282,5986,PSP6,594,948
psp:poslanec:1283,1283,252,PSP6,594,153
psp:poslanec:1284,1284,5415,PSP6,587,153
psp:poslanec:1285,1285,5987,PSP6,592,153
psp:poslanec:1286,1286,5989,PSP6,582,153
psp:poslanec:1287,1287,235,PSP6,591,153
psp:poslanec:1288,1288,5999,PSP6,593,153
psp:poslanec:1289,1289,6003,PSP6,589,949
psp:poslanec:1290,1290,6008,PSP6,586,155
psp:poslanec:1291,1291,1016,PSP6,581,153
psp:poslanec:1292,1292,5255,PSP6,581,153
psp:poslanec:1293,1293,410,PSP6,594,153
psp:poslanec:1294,1294,6095,PSP6,582,948
psp:poslanec:1295,1295,6096,PSP6,584,153
psp:poslanec:1296,1296,5508,PSP6,584,153
psp:poslanec:1297,1297,5294,PSP6,590,153
psp:poslanec:1298,1298,6098,PSP6,582,155
psp:poslanec:1299,1299,5446,PSP6,582,155
psp:poslanec:1300,1300,6097,PSP6,582,155
psp:poslanec:1301,1301,6113,PSP6,584,153
psp:poslanec:1302,1302,5469,PSP6,581,153
psp:poslanec:1303,1303,6120,PSP6,588,155
psp:poslanec:1304,1304,5375,PSP6,588,155
psp:poslanec:1305,1305,6124,PSP6,586,153
psp:poslanec:1306,1306,6146,PSP7,591,1105
psp:poslanec:1307,1307,5768,PSP7,591,154
psp:poslanec:1308,1308,5700,PSP7,588,155
psp:poslanec:1309,1309,467,PSP7,581,153
psp:poslanec:1310,1310,6147,PSP7,581,948
psp:poslanec:1311,1311,6148,PSP7,589,1105
psp:poslanec:1312,1312,5891,PSP7,590,153
psp:poslanec:1313,1313,6149,PSP7,586,154
psp:poslanec:1314,1314,6150,PSP7,581,1104
psp:poslanec:1315,1315,6151,PSP7,582,1104
psp:poslanec:1316,1316,6152,PSP7,590,1104
psp:poslanec:1317,1317,6177,PSP7,593,1104
psp:poslanec:1318,1318,6178,PSP7,583,151
psp:poslanec:1319,1319,312,PSP7,591,154
psp:poslanec:1320,1320,6002,PSP7,590,153
psp:poslanec:1321,1321,6138,PSP7,588,151
psp:poslanec:1322,1322,4,PSP7,581,155
psp:poslanec:1323,1323,346,PSP7,582,155
psp:poslanec:1324,1324,6179,PSP7,593,151
psp:poslanec:1325,1325,6136,PSP7,586,153
psp:poslanec:1326,1326,6180,PSP7,588,1104
psp:poslanec:1327,1327,6143,PSP7,582,1104
psp:poslanec:1328,1328,5897,PSP7,583,948
psp:poslanec:1329,1329,6181,PSP7,582,155
psp:poslanec:1330,1330,6182,PSP7,588,153
psp:poslanec:1331,1331,6079,PSP7,591,155
psp:poslanec:1332,1332,5342,PSP7,588,153
psp:poslanec:1333,1333,6183,PSP7,585,154
psp:poslanec:1334,1334,6184,PSP7,586,1104
psp:poslanec:1335,1335,6185,PSP7,592,1104
psp:poslanec:1336,1336,6186,PSP7,582,1105
psp:poslanec:1337,1337,5903,PSP7,581,155
psp:poslanec:1338,1338,5307,PSP7,592,154
psp:poslanec:1339,1339,354,PSP7,590,153
psp:poslanec:1340,1340,6187,PSP7,582,1104
psp:poslanec:1341,1341,6188,PSP7,594,154
psp:poslanec:1342,1342,6189,PSP7,582,1104
psp:poslanec:1343,1343,5261,PSP7,581,154
psp:poslanec:1344,1344,5456,PSP7,582,153
psp:poslanec:1345,1345,6190,PSP7,592,1104
psp:poslanec:1346,1346,5909,PSP7,587,948
psp:poslanec:1347,1347,6074,PSP7,591,155
psp:poslanec:1348,1348,5459,PSP7,592,1105
psp:poslanec:1349,1349,6191,PSP7,594,1105
psp:poslanec:1350,1350,6192,PSP7,581,1104
psp:poslanec:1351,1351,303,PSP7,583,154
psp:poslanec:1352,1352,5990,PSP7,590,155
psp:poslanec:1353,1353,5911,PSP7,586,153
psp:poslanec:1354,1354,6193,PSP7,582,151
psp:poslanec:1355,1355,5914,PSP7,593,948
psp:poslanec:1356,1356,305,PSP7,591,154
psp:poslanec:1357,1357,4778,PSP7,582,154
psp:poslanec:1358,1358,6139,PSP7,594,1104
psp:poslanec:1359,1359,5461,PSP7,594,154
psp:poslanec:1360,1360,5462,PSP7,582,153
psp:poslanec:1361,1361,5297,PSP7,591,153
psp:poslanec:1362,1362,6194,PSP7,589,153
psp:poslanec:1363,1363,6141,PSP7,594,1105
psp:poslanec:1364,1364,5917,PSP7,588,948
psp:poslanec:1365,1365,6142,PSP7,581,151
psp:poslanec:1366,1366,6195,PSP7,587,1105
psp:poslanec:1367,1367,6196,PSP7,581,1104
psp:poslanec:1368,1368,6197,PSP7,586,155
psp:poslanec:1369,1369,6198,PSP7,593,1105
psp:poslanec:1370,1370,5918,PSP7,592,153
psp:poslanec:1371,1371,5919,PSP7,587,948
psp:poslanec:1372,1372,5314,PSP7,593,151
psp:poslanec:1373,1373,5920,PSP7,586,154
psp:poslanec:1374,1374,5921,PSP7,582,153
psp:poslanec:1375,1375,5922,PSP7,592,948
psp:poslanec:1376,1376,6199,PSP7,591,1104
psp:poslanec:1377,1377,6200,PSP7,584,153
psp:poslanec:1378,1378,5926,PSP7,589,153
psp:poslanec:1379,1379,6113,PSP7,584,153
psp:poslanec:1380,1380,5402,PSP7,583,153
psp:poslanec:1381,1381,6201,PSP7,591,1104
psp:poslanec:1382,1382,6202,PSP7,582,1104
psp:poslanec:1383,1383,6203,PSP7,590,1104
psp:poslanec:1384,1384,6204,PSP7,589,151
psp:poslanec:1385,1385,6205,PSP7,592,151
psp:poslanec:1386,1386,5933,PSP7,586,1105
psp:poslanec:1387,1387,6206,PSP7,586,153
psp:poslanec:1388,1388,377,PSP7,582,948
psp:poslanec:1389,1389,6207,PSP7,590,151
psp:poslanec:1390,1390,6208,PSP7,589,155
psp:poslanec:1391,1391,6209,PSP7,589,1104
psp:poslanec:1392,1392,5934,PSP7,582,154
psp:poslanec:1393,1393,6210,PSP7,591,151
psp:poslanec:1394,1394,68,PSP7,594,153
psp:poslanec:1395,1395,6211,PSP7,589,1104
psp:poslanec:1396,1396,6140,PSP7,587,1104
psp:poslanec:1397,1397,5321,PSP7,594,154
psp:poslanec:1398,1398,5313,PSP7,593,154
psp:poslanec:1399,1399,5939,PSP7,581,948
psp:poslanec:1400,1400,6212,PSP7,593,153
psp:poslanec:1401,1401,5433,PSP7,581,153
psp:poslanec:1402,1402,5940,PSP7,591,948
psp:poslanec:1403,1403,6213,PSP7,581,948
psp:poslanec:1404,1404,309,PSP7,590,154
psp:poslanec:1405,1405,6214,PSP7,582,948
psp:poslanec:1406,1406,5279,PSP7,586,153
psp:poslanec:1407,1407,6215,PSP7,583,1104
psp:poslanec:1408,1408,6216,PSP7,586,948
psp:poslanec:1409,1409,6217,PSP7,594,151
psp:poslanec:1410,1410,5943,PSP7,582,948
psp:poslanec:1411,1411,6218,PSP7,590,1105
psp:poslanec:1412,1412,5476,PSP7,581,948
psp:poslanec:1413,1413,392,PSP7,584,948
psp:poslanec:1414,1414,6219,PSP7,594,1104
psp:poslanec:1415,1415,6220,PSP7,587,154
psp:poslanec:1416,1416,5290,PSP7,588,154
psp:poslanec:1417,1417,5938,PSP7,589,154
psp:poslanec:1418,1418,6221,PSP7,583,1104
psp:poslanec:1419,1419,6222,PSP7,591,151
psp:poslanec:1420,1420,5269,PSP7,583,153
psp:poslanec:1421,1421,5948,PSP7,592,154
psp:poslanec:1422,1422,401,PSP7,581,155
psp:poslanec:1423,1423,6223,PSP7,583,154
psp:poslanec:1424,1424,6176,PSP7,582,948
psp:poslanec:1425,1425,5991,PSP7,585,153
psp:poslanec:1426,1426,6175,PSP7,592,155
psp:poslanec:1427,1427,6174,PSP7,594,1104
psp:poslanec:1428,1428,6173,PSP7,594,153
psp:poslanec:1429,1429,6105,PSP7,582,1105
psp:poslanec:1430,1430,6172,PSP7,592,1104
psp:poslanec:1431,1431,6224,PSP7,588,154
psp:poslanec:1432,1432,5322,PSP7,594,154
psp:poslanec:1433,1433,6225,PSP7,587,1104
psp:poslanec:1434,1434,6227,PSP7,594,948
psp:poslanec:1435,1435,5955,PSP7,581,948
psp:poslanec:1436,1436,6228,PSP7,593,154
psp:poslanec:1437,1437,6229,PSP7,582,153
psp:poslanec:1438,1438,5487,PSP7,591,153
psp:poslanec:1439,1439,6230,PSP7,586,1104
psp:poslanec:1440,1440,6231,PSP7,588,1104
psp:poslanec:1441,1441,6232,PSP7,587,153
psp:poslanec:1442,1442,5490,PSP7,587,153
psp:poslanec:1443,1443,6171,PSP7,588,1104
psp:poslanec:1444,1444,6134,PSP7,594,151
psp:poslanec:1445,1445,6233,PSP7,591,154
psp:poslanec:1446,1446,5956,PSP7,581,948
psp:poslanec:1447,1447,5273,PSP7,584,155
psp:poslanec:1448,1448,6234,PSP7,583,1105
psp:poslanec:1449,1449,6235,PSP7,585,1104
psp:poslanec:1450,1450,5957,PSP7,591,948
psp:poslanec:1451,1451,6158,PSP7,591,1104
psp:poslanec:1452,1452,5960,PSP7,594,153
psp:poslanec:1453,1453,5310,PSP7,593,153
psp:poslanec:1454,1454,6226,PSP7,594,1104
psp:poslanec:1455,1455,6153,PSP7,594,1104
psp:poslanec:1456,1456,5962,PSP7,581,154
psp:poslanec:1457,1457,6236,PSP7,586,1104
psp:poslanec:1458,1458,5558,PSP7,581,948
psp:poslanec:1459,1459,5964,PSP7,589,948
psp:poslanec:1460,1460,5965,PSP7,591,153
psp:poslanec:1461,1461,5502,PSP7,589,154
psp:poslanec:1462,1462,237,PSP7,591,153
psp:poslanec:1463,1463,6237,PSP7,585,1104
psp:poslanec:1464,1464,5969,PSP7,594,155
psp:poslanec:1465,1465,5999,PSP7,593,153
psp:poslanec:1466,1466,443,PSP7,591,1104
psp:poslanec:1467,1467,6238,PSP7,581,153
psp:poslanec:1468,1468,6007,PSP7,581,155
psp:poslanec:1469,1469,6145,PSP7,581,1105
psp:poslanec:1470,1470,5282,PSP7,586,154
psp:poslanec:1471,1471,5506,PSP7,584,154
psp:poslanec:1472,1472,5507,PSP7,594,153
psp:poslanec:1473,1473,6144,PSP7,584,1104
psp:poslanec:1474,1474,5975,PSP7,588,1105
psp:poslanec:1475,1475,5513,PSP7,591,153
psp:poslanec:1476,1476,6239,PSP7,591,153
psp:poslanec:1477,1477,6240,PSP7,590,948
psp:poslanec:1478,1478,6170,PSP7,591,151
psp:poslanec:1479,1479,422,PSP7,582,153
psp:poslanec:1480,1480,5979,PSP7,594,153
psp:poslanec:1481,1481,6137,PSP7,583,948
psp:poslanec:1482,1482,6169,PSP7,584,154
psp:poslanec:1483,1483,6168,PSP7,581,1104
psp:poslanec:1484,1484,5980,PSP7,592,153
psp:poslanec:1485,1485,5866,PSP7,594,153
psp:poslanec:1486,1486,6167,PSP7,593,1104
psp:poslanec:1487,1487,6166,PSP7,584,1104
psp:poslanec:1488,1488,6165,PSP7,593,1104
psp:poslanec:1489,1489,6164,PSP7,582,154
psp:poslanec:1490,1490,5268,PSP7,582,154
psp:poslanec:1491,1491,5272,PSP7,584,153
psp:poslanec:1492,1492,6163,PSP7,584,1104
psp:poslanec:1493,1493,6162,PSP7,586,1104
psp:poslanec:1494,1494,6161,PSP7,591,1104
psp:poslanec:1495,1495,6160,PSP7,585,153
psp:poslanec:1496,1496,6159,PSP7,590,154
psp:poslanec:1497,1497,5844,PSP7,583,155
psp:poslanec:1498,1498,252,PSP7,594,153
psp:poslanec:1499,1499,6157,PSP7,581,153
psp:poslanec:1500,1500,6156,PSP7,582,1104
psp:poslanec:1501,1501,5987,PSP7,592,153
psp:poslanec:1502,1502,5989,PSP7,582,153
psp:poslanec:1503,1503,6155,PSP7,583,153
psp:poslanec:1504,1504,5718,PSP7,581,1104
psp:poslanec:1505,1505,6154,PSP7,584,948
psp:poslanec:1506,1506,6245,PSP7,590,1104
psp:poslanec:1507,1507,6246,PSP7,590,1104
psp:poslanec:1508,1508,5447,PSP7,583,153
psp:poslanec:1509,1509,6268,PSP7,591,153
psp:poslanec:1510,1510,6279,PSP7,594,154
psp:poslanec:1511,1511,6280,PSP7,581,948
psp:poslanec:1512,1512,5520,PSP7,584,155
psp:poslanec:1513,1513,6284,PSP7,582,153
psp:poslanec:1514,1514,6288,PSP7,590,1104
psp:poslanec:1515,1515,6292,PSP7,594,151
psp:poslanec:1516,1516,6379,PSP7,584,1104
psp:poslanec:1517,1517,6409,PSP7,582,1104
psp:poslanec:1518,1518,6418,PSP7,582,155
psp:poslanec:1519,1519,6424,PSP7,583,153
psp:poslanec:1520,1520,6425,PSP7,594,153
psp:poslanec:1521,1521,5700,PSP8,588,155
psp:poslanec:1522,1522,6254,PSP8,581,1104
psp:poslanec:1523,1523,6149,PSP8,586,154
psp:poslanec:1524,1524,6150,PSP8,582,1104
psp:poslanec:1525,1525,6428,PSP8,594,1104
psp:poslanec:1526,1526,6177,PSP8,593,1104
psp:poslanec:1527,1527,6429,PSP8,581,1290
psp:poslanec:1528,1528,6432,PSP8,584,1290
psp:poslanec:1529,1529,6433,PSP8,582,1290
psp:poslanec:1530,1530,6178,PSP8,583,151
psp:poslanec:1531,1531,5379,PSP8,583,155
psp:poslanec:1532,1532,6435,PSP8,584,155
psp:poslanec:1533,1533,6002,PSP8,590,153
psp:poslanec:1534,1534,6436,PSP8,587,155
psp:poslanec:1535,1535,6437,PSP8,594,1104
psp:poslanec:1536,1536,6138,PSP8,588,151
psp:poslanec:1537,1537,4,PSP8,581,155
psp:poslanec:1539,1539,6179,PSP8,593,151
psp:poslanec:1540,1540,6143,PSP8,582,1104
psp:poslanec:1541,1541,6182,PSP8,588,153
psp:poslanec:1542,1542,6438,PSP8,593,155
psp:poslanec:1543,1543,6439,PSP8,587,1104
psp:poslanec:1544,1544,6079,PSP8,591,155
psp:poslanec:1545,1545,6440,PSP8,594,1291
psp:poslanec:1546,1546,6184,PSP8,586,1104
psp:poslanec:1547,1547,6185,PSP8,592,1104
psp:poslanec:1548,1548,6434,PSP8,582,1104
psp:poslanec:1549,1549,6441,PSP8,586,1104
psp:poslanec:1550,1550,6442,PSP8,594,1290
psp:poslanec:1551,1551,5903,PSP8,581,155
psp:poslanec:1552,1552,5307,PSP8,592,154
psp:poslanec:1553,1553,6443,PSP8,581,151
psp:poslanec:1554,1554,5261,PSP8,581,154
psp:poslanec:1555,1555,6444,PSP8,581,153
psp:poslanec:1556,1556,6430,PSP8,588,1104
psp:poslanec:1557,1557,6431,PSP8,591,1104
psp:poslanec:1558,1558,6445,PSP8,593,1291
psp:poslanec:1559,1559,6446,PSP8,593,1290
psp:poslanec:1560,1560,6190,PSP8,590,1104
psp:poslanec:1561,1561,6447,PSP8,584,1104
psp:poslanec:1562,1562,5909,PSP8,581,1289
psp:poslanec:1563,1563,6448,PSP8,592,1104
psp:poslanec:1564,1564,6449,PSP8,581,948
psp:poslanec:1565,1565,6450,PSP8,589,1290
psp:poslanec:1566,1566,6074,PSP8,591,155
psp:poslanec:1567,1567,5459,PSP8,592,1291
psp:poslanec:1568,1568,6457,PSP8,586,1104
psp:poslanec:1569,1569,303,PSP8,583,154
psp:poslanec:1570,1570,5911,PSP8,586,153
psp:poslanec:1571,1571,6451,PSP8,594,1104
psp:poslanec:1572,1572,5703,PSP8,593,153
psp:poslanec:1573,1573,5914,PSP8,593,1289
psp:poslanec:1574,1574,6292,PSP8,594,151
psp:poslanec:1575,1575,305,PSP8,591,154
psp:poslanec:1576,1576,4778,PSP8,582,154
psp:poslanec:1577,1577,6139,PSP8,594,1104
psp:poslanec:1578,1578,5462,PSP8,582,153
psp:poslanec:1579,1579,6452,PSP8,594,153
psp:poslanec:1580,1580,6303,PSP8,588,1104
psp:poslanec:1581,1581,6453,PSP8,582,1104
psp:poslanec:1582,1582,6198,PSP8,593,1291
psp:poslanec:1583,1583,6454,PSP8,591,1290
psp:poslanec:1584,1584,6455,PSP8,591,1291
psp:poslanec:1585,1585,6456,PSP8,586,1291
psp:poslanec:1586,1586,6200,PSP8,584,153
psp:poslanec:1587,1587,5926,PSP8,589,153
psp:poslanec:1588,1588,6458,PSP8,587,1104
psp:poslanec:1589,1589,6459,PSP8,594,155
psp:poslanec:1590,1590,6201,PSP8,591,1104
psp:poslanec:1591,1591,6460,PSP8,586,1291
psp:poslanec:1592,1592,6461,PSP8,592,1291
psp:poslanec:1593,1593,6462,PSP8,588,1290
psp:poslanec:1594,1594,6463,PSP8,594,1104
psp:poslanec:1595,1595,5847,PSP8,591,151
psp:poslanec:1596,1596,6205,PSP8,592,151
psp:poslanec:1597,1597,6496,PSP8,594,1104
psp:poslanec:1598,1598,6497,PSP8,592,1104
psp:poslanec:1599,1599,377,PSP8,582,948
psp:poslanec:1600,1600,6207,PSP8,590,151
psp:poslanec:1601,1601,6209,PSP8,589,1104
psp:poslanec:1602,1602,6498,PSP8,581,155
psp:poslanec:1603,1603,6503,PSP8,581,1291
psp:poslanec:1604,1604,6504,PSP8,589,1291
psp:poslanec:1605,1605,6506,PSP8,586,1104
psp:poslanec:1606,1606,6507,PSP8,583,1290
psp:poslanec:1607,1607,6211,PSP8,589,1104
psp:poslanec:1608,1608,5313,PSP8,593,154
psp:poslanec:1609,1609,6499,PSP8,582,1290
psp:poslanec:1610,1610,6464,PSP8,584,1104
psp:poslanec:1611,1611,6508,PSP8,590,1291
psp:poslanec:1612,1612,6246,PSP8,590,1104
psp:poslanec:1613,1613,309,PSP8,590,154
psp:poslanec:1614,1614,6214,PSP8,582,1289
psp:poslanec:1615,1615,6465,PSP8,582,1290
psp:poslanec:1616,1616,6509,PSP8,581,1104
psp:poslanec:1617,1617,6510,PSP8,586,155
psp:poslanec:1618,1618,6466,PSP8,591,1289
psp:poslanec:1619,1619,6215,PSP8,583,1104
psp:poslanec:1620,1620,6511,PSP8,583,1104
psp:poslanec:1621,1621,6512,PSP8,589,1104
psp:poslanec:1622,1622,5943,PSP8,582,948
psp:poslanec:1623,1623,6502,PSP8,584,1291
psp:poslanec:1624,1624,6537,PSP8,581,1290
psp:poslanec:1625,1625,6279,PSP8,594,154
psp:poslanec:1626,1626,6467,PSP8,592,155
psp:poslanec:1627,1627,6468,PSP8,591,1104
psp:poslanec:1628,1628,6536,PSP8,582,1104
psp:poslanec:1629,1629,6535,PSP8,587,1290
psp:poslanec:1630,1630,5945,PSP8,589,155
psp:poslanec:1631,1631,6469,PSP8,585,1291
psp:poslanec:1632,1632,6534,PSP8,588,1104
psp:poslanec:1633,1633,5938,PSP8,589,154
psp:poslanec:1634,1634,6470,PSP8,584,155
psp:poslanec:1635,1635,6221,PSP8,583,1104
psp:poslanec:1636,1636,6476,PSP8,582,1104
psp:poslanec:1637,1637,6222,PSP8,591,151
psp:poslanec:1638,1638,6477,PSP8,581,1290
psp:poslanec:1639,1639,6486,PSP8,582,155
psp:poslanec:1640,1640,6487,PSP8,581,1104
psp:poslanec:1641,1641,401,PSP8,590,155
psp:poslanec:1642,1642,6478,PSP8,594,1291
psp:poslanec:1643,1643,6533,PSP8,593,1104
psp:poslanec:1644,1644,6475,PSP8,590,1104
psp:poslanec:1645,1645,6105,PSP8,582,1291
psp:poslanec:1646,1646,6172,PSP8,592,1104
psp:poslanec:1647,1647,6532,PSP8,591,153
psp:poslanec:1648,1648,6224,PSP8,588,154
psp:poslanec:1649,1649,6474,PSP8,594,1104
psp:poslanec:1650,1650,6225,PSP8,587,1104
psp:poslanec:1651,1651,6485,PSP8,594,154
psp:poslanec:1652,1652,6147,PSP8,581,948
psp:poslanec:1653,1653,6488,PSP8,586,1290
psp:poslanec:1654,1654,6318,PSP8,581,1104
psp:poslanec:1655,1655,6409,PSP8,582,1104
psp:poslanec:1656,1656,6531,PSP8,592,1290
psp:poslanec:1657,1657,6171,PSP8,588,1104
psp:poslanec:1658,1658,6530,PSP8,588,1291
psp:poslanec:1659,1659,6233,PSP8,591,154
psp:poslanec:1660,1660,6202,PSP8,582,1104
psp:poslanec:1661,1661,6529,PSP8,594,1290
psp:poslanec:1662,1662,6528,PSP8,590,1290
psp:poslanec:1663,1663,6527,PSP8,587,1104
psp:poslanec:1664,1664,6526,PSP8,581,1290
psp:poslanec:1665,1665,6472,PSP8,585,1104
psp:poslanec:1666,1666,6525,PSP8,593,1104
psp:poslanec:1667,1667,6417,PSP8,587,1289
psp:poslanec:1668,1668,6158,PSP8,591,1104
psp:poslanec:1669,1669,6524,PSP8,582,1289
psp:poslanec:1670,1670,6523,PSP8,594,1104
psp:poslanec:1671,1671,6500,PSP8,586,1104
psp:poslanec:1672,1672,6473,PSP8,581,1290
psp:poslanec:1673,1673,6522,PSP8,583,1291
psp:poslanec:1674,1674,6521,PSP8,582,1291
psp:poslanec:1675,1675,6379,PSP8,584,1104
psp:poslanec:1676,1676,6520,PSP8,586,1104
psp:poslanec:1677,1677,6519,PSP8,589,1104
psp:poslanec:1678,1678,6518,PSP8,588,1104
psp:poslanec:1679,1679,6517,PSP8,586,1104
psp:poslanec:1680,1680,5558,PSP8,581,948
psp:poslanec:1681,1681,6418,PSP8,582,155
psp:poslanec:1682,1682,237,PSP8,591,153
psp:poslanec:1683,1683,6516,PSP8,592,153
psp:poslanec:1684,1684,6501,PSP8,591,1104
psp:poslanec:1685,1685,5969,PSP8,594,155
psp:poslanec:1686,1686,443,PSP8,581,1104
psp:poslanec:1687,1687,6515,PSP8,594,1104
psp:poslanec:1688,1688,6007,PSP8,581,155
psp:poslanec:1689,1689,6479,PSP8,591,1291
psp:poslanec:1690,1690,6287,PSP8,584,1104
psp:poslanec:1691,1691,6514,PSP8,591,1291
psp:poslanec:1692,1692,6505,PSP8,582,1104
psp:poslanec:1693,1693,6484,PSP8,591,1104
psp:poslanec:1694,1694,6291,PSP8,585,1104
psp:poslanec:1695,1695,6483,PSP8,585,1290
psp:poslanec:1696,1696,6240,PSP8,583,1104
psp:poslanec:1697,1697,6137,PSP8,583,948
psp:poslanec:1698,1698,6337,PSP8,582,153
psp:poslanec:1699,1699,6482,PSP8,591,948
psp:poslanec:1700,1700,6169,PSP8,584,154
psp:poslanec:1701,1701,6168,PSP8,581,1104
psp:poslanec:1702,1702,6493,PSP8,591,155
psp:poslanec:1703,1703,6494,PSP8,583,153
psp:poslanec:1704,1704,6495,PSP8,587,1291
psp:poslanec:1705,1705,6471,PSP8,585,1104
psp:poslanec:1706,1706,6491,PSP8,583,1104
psp:poslanec:1707,1707,6166,PSP8,584,1104
psp:poslanec:1708,1708,6481,PSP8,594,1291
psp:poslanec:1709,1709,6165,PSP8,593,1104
psp:poslanec:1710,1710,6492,PSP8,594,1104
psp:poslanec:1711,1711,5268,PSP8,582,154
psp:poslanec:1712,1712,6490,PSP8,592,1104
psp:poslanec:1713,1713,6052,PSP8,582,155
psp:poslanec:1714,1714,6513,PSP8,589,151
psp:poslanec:1715,1715,6489,PSP8,591,1290
psp:poslanec:1716,1716,6161,PSP8,591,1104
psp:poslanec:1717,1717,5844,PSP8,583,155
psp:poslanec:1718,1718,252,PSP8,594,153
psp:poslanec:1719,1719,6480,PSP8,590,1104
psp:poslanec:1720,1720,5226,PSP8,581,155
psp:poslanec:1721,1721,6538,PSP8,582,155
psp:poslanec:1722,1722,6539,PSP8,582,1104
psp:poslanec:1723,1723,6540,PSP8,588,1104
psp:poslanec:1724,1724,6541,PSP8,587,1289
psp:poslanec:1725,1725,5965,PSP8,591,153
psp:poslanec:1726,1726,6580,PSP8,581,1104
psp:poslanec:1727,1727,6587,PSP8,581,1104
psp:poslanec:1728,1728,6228,PSP8,593,154
psp:poslanec:1729,1729,5272,PSP8,584,153
psp:poslanec:1730,1730,6619,PSP8,585,1104
psp:poslanec:1731,1731,6624,PSP8,586,1290
psp:poslanec:1732,1732,346,PSP8,582,155
psp:poslanec:1733,1733,6623,PSP8,583,1104
psp:poslanec:1734,1734,6661,PSP8,592,1104
psp:poslanec:1735,1735,6666,PSP8,590,155
psp:poslanec:1736,1736,6686,PSP8,586,1104
psp:poslanec:1737,1737,6687,PSP8,582,948
psp:poslanec:1738,1738,6688,PSP8,582,1104
psp:poslanec:1739,1739,6691,PSP8,584,155
psp:poslanec:1740,1740,6693,PSP8,591,155
psp:poslanec:1741,1741,6707,PSP8,581,948
psp:poslanec:1742,1742,6717,PSP8,591,153
psp:poslanec:1743,1743,5700,PSP9,588,1533
psp:poslanec:1744,1744,6254,PSP9,581,1104
psp:poslanec:1745,1745,6150,PSP9,586,1104
psp:poslanec:1746,1746,6428,PSP9,594,1104
psp:poslanec:1747,1747,6623,PSP9,583,1104
psp:poslanec:1748,1748,6719,PSP9,591,1533
psp:poslanec:1749,1749,6797,PSP9,581,1534
psp:poslanec:1750,1750,6433,PSP9,586,1534
psp:poslanec:1751,1751,6178,PSP9,583,1533
psp:poslanec:1752,1752,207,PSP9,589,1291
psp:poslanec:1753,1753,5379,PSP9,583,1533
psp:poslanec:1754,1754,6435,PSP9,584,1533
psp:poslanec:1755,1755,6436,PSP9,587,1533
psp:poslanec:1756,1756,6437,PSP9,594,1104
psp:poslanec:1757,1757,6138,PSP9,588,1533
psp:poslanec:1758,1758,6720,PSP9,590,1533
psp:poslanec:1759,1759,6721,PSP9,581,1534
psp:poslanec:1760,1760,4,PSP9,581,1533
psp:poslanec:1761,1761,346,PSP9,582,1533
psp:poslanec:1762,1762,6179,PSP9,593,1533
psp:poslanec:1763,1763,6722,PSP9,587,1534
psp:poslanec:1764,1764,6723,PSP9,588,1104
psp:poslanec:1765,1765,6143,PSP9,582,1104
psp:poslanec:1766,1766,6724,PSP9,584,1534
psp:poslanec:1767,1767,6438,PSP9,593,1533
psp:poslanec:1768,1768,6079,PSP9,591,1533
psp:poslanec:1769,1769,6184,PSP9,583,1104
psp:poslanec:1770,1770,6185,PSP9,592,1104
psp:poslanec:1771,1771,6725,PSP9,581,1104
psp:poslanec:1772,1772,5899,PSP9,585,1533
psp:poslanec:1773,1773,6441,PSP9,586,1104
psp:poslanec:1774,1774,5449,PSP9,594,1533
psp:poslanec:1775,1775,5901,PSP9,588,1534
psp:poslanec:1776,1776,5903,PSP9,581,1533
psp:poslanec:1777,1777,6726,PSP9,582,1291
psp:poslanec:1778,1778,6727,PSP9,590,1533
psp:poslanec:1779,1779,6430,PSP9,588,1104
psp:poslanec:1780,1780,6431,PSP9,591,1104
psp:poslanec:1781,1781,6728,PSP9,589,1534
psp:poslanec:1782,1782,6729,PSP9,593,1533
psp:poslanec:1783,1783,6445,PSP9,593,1291
psp:poslanec:1784,1784,6747,PSP9,582,1534
psp:poslanec:1785,1785,6190,PSP9,592,1104
psp:poslanec:1786,1786,6447,PSP9,584,1104
psp:poslanec:1787,1787,5909,PSP9,587,1534
psp:poslanec:1788,1788,6448,PSP9,592,1104
psp:poslanec:1789,1789,6074,PSP9,591,1533
psp:poslanec:1790,1790,5459,PSP9,592,1291
psp:poslanec:1791,1791,6457,PSP9,586,1104
psp:poslanec:1792,1792,6748,PSP9,581,1533
psp:poslanec:1793,1793,6749,PSP9,582,1104
psp:poslanec:1794,1794,6750,PSP9,591,1534
psp:poslanec:1795,1795,5911,PSP9,586,1291
psp:poslanec:1796,1796,6451,PSP9,594,1104
psp:poslanec:1797,1797,5914,PSP9,593,1534
psp:poslanec:1798,1798,6292,PSP9,594,1533
psp:poslanec:1799,1799,6751,PSP9,589,1533
psp:poslanec:1800,1800,6798,PSP9,589,1534
psp:poslanec:1801,1801,6752,PSP9,591,1534
psp:poslanec:1802,1802,6753,PSP9,589,1104
psp:poslanec:1803,1803,6754,PSP9,588,1533
psp:poslanec:1804,1804,6621,PSP9,582,1104
psp:poslanec:1805,1805,6755,PSP9,582,1533
psp:poslanec:1806,1806,6756,PSP9,582,1104
psp:poslanec:1807,1807,6757,PSP9,583,1533
psp:poslanec:1808,1808,6758,PSP9,594,1104
psp:poslanec:1809,1809,6759,PSP9,582,1533
psp:poslanec:1810,1810,6760,PSP9,593,1104
psp:poslanec:1811,1811,6803,PSP9,591,1533
psp:poslanec:1812,1812,6455,PSP9,591,1291
psp:poslanec:1813,1813,6458,PSP9,587,1104
psp:poslanec:1814,1814,6687,PSP9,582,1533
psp:poslanec:1815,1815,6459,PSP9,594,1533
psp:poslanec:1816,1816,6201,PSP9,591,1104
psp:poslanec:1817,1817,6764,PSP9,591,1533
psp:poslanec:1818,1818,6463,PSP9,594,1104
psp:poslanec:1819,1819,6205,PSP9,592,1533
psp:poslanec:1820,1820,6207,PSP9,590,1533
psp:poslanec:1821,1821,6209,PSP9,589,1104
psp:poslanec:1822,1822,6765,PSP9,591,1533
psp:poslanec:1823,1823,6773,PSP9,586,1291
psp:poslanec:1824,1824,6774,PSP9,583,1533
psp:poslanec:1825,1825,6775,PSP9,591,1104
psp:poslanec:1826,1826,6503,PSP9,581,1291
psp:poslanec:1827,1827,6776,PSP9,582,1534
psp:poslanec:1828,1828,6777,PSP9,592,1533
psp:poslanec:1829,1829,6506,PSP9,586,1104
psp:poslanec:1830,1830,6799,PSP9,581,1533
psp:poslanec:1831,1831,6211,PSP9,589,1104
psp:poslanec:1832,1832,6508,PSP9,590,1291
psp:poslanec:1833,1833,6246,PSP9,590,1104
psp:poslanec:1834,1834,6214,PSP9,582,1534
psp:poslanec:1835,1835,6800,PSP9,583,1533
psp:poslanec:1836,1836,6509,PSP9,581,1104
psp:poslanec:1837,1837,6510,PSP9,586,1533
psp:poslanec:1838,1838,6466,PSP9,591,1534
psp:poslanec:1839,1839,6215,PSP9,583,1104
psp:poslanec:1840,1840,6511,PSP9,583,1104
psp:poslanec:1841,1841,6216,PSP9,586,1533
psp:poslanec:1842,1842,6735,PSP9,585,1534
psp:poslanec:1843,1843,6736,PSP9,590,1104
psp:poslanec:1844,1844,6538,PSP9,582,1533
psp:poslanec:1845,1845,6737,PSP9,581,1534
psp:poslanec:1846,1846,6738,PSP9,584,1104
psp:poslanec:1847,1847,5943,PSP9,582,1533
psp:poslanec:1848,1848,5477,PSP9,588,1291
psp:poslanec:1849,1849,6739,PSP9,594,1534
psp:poslanec:1850,1850,6778,PSP9,590,1533
psp:poslanec:1851,1851,6734,PSP9,586,1534
psp:poslanec:1852,1852,6779,PSP9,582,1534
psp:poslanec:1853,1853,6732,PSP9,584,1104
psp:poslanec:1854,1854,6733,PSP9,592,1533
psp:poslanec:1855,1855,6468,PSP9,591,1104
psp:poslanec:1856,1856,6469,PSP9,585,1291
psp:poslanec:1857,1857,6534,PSP9,588,1104
psp:poslanec:1858,1858,6544,PSP9,594,1104
psp:poslanec:1859,1859,6477,PSP9,581,1534
psp:poslanec:1860,1860,6471,PSP9,585,1104
psp:poslanec:1861,1861,6772,PSP9,592,1534
psp:poslanec:1862,1862,6486,PSP9,582,1533
psp:poslanec:1863,1863,6487,PSP9,581,1104
psp:poslanec:1864,1864,6771,PSP9,592,1534
psp:poslanec:1865,1865,6801,PSP9,594,1533
psp:poslanec:1866,1866,6804,PSP9,594,1533
psp:poslanec:1867,1867,6533,PSP9,593,1104
psp:poslanec:1868,1868,6176,PSP9,582,1533
psp:poslanec:1869,1869,6768,PSP9,584,1533
psp:poslanec:1870,1870,6475,PSP9,590,1104
psp:poslanec:1871,1871,6769,PSP9,581,1533
psp:poslanec:1872,1872,6105,PSP9,594,1291
psp:poslanec:1873,1873,6172,PSP9,592,1104
psp:poslanec:1874,1874,6766,PSP9,593,1534
psp:poslanec:1875,1875,6767,PSP9,584,1534
psp:poslanec:1876,1876,6770,PSP9,585,1104
psp:poslanec:1877,1877,6474,PSP9,594,1104
psp:poslanec:1878,1878,6225,PSP9,587,1104
psp:poslanec:1879,1879,6147,PSP9,581,1533
psp:poslanec:1880,1880,6780,PSP9,586,1104
psp:poslanec:1881,1881,6409,PSP9,582,1104
psp:poslanec:1882,1882,6555,PSP9,581,1533
psp:poslanec:1883,1883,6762,PSP9,583,1534
psp:poslanec:1884,1884,6202,PSP9,582,1104
psp:poslanec:1885,1885,6745,PSP9,584,1291
psp:poslanec:1886,1886,6746,PSP9,588,1534
psp:poslanec:1887,1887,6527,PSP9,587,1104
psp:poslanec:1888,1888,6761,PSP9,591,1534
psp:poslanec:1889,1889,6158,PSP9,591,1104
psp:poslanec:1890,1890,6524,PSP9,582,1534
psp:poslanec:1891,1891,6781,PSP9,594,1534
psp:poslanec:1892,1892,6523,PSP9,594,1104
psp:poslanec:1893,1893,6500,PSP9,586,1104
psp:poslanec:1894,1894,6473,PSP9,581,1534
psp:poslanec:1895,1895,6521,PSP9,582,1291
psp:poslanec:1896,1896,6520,PSP9,586,1104
psp:poslanec:1897,1897,6782,PSP9,590,1104
psp:poslanec:1898,1898,6518,PSP9,588,1104
psp:poslanec:1899,1899,6744,PSP9,584,1533
psp:poslanec:1900,1900,6545,PSP9,591,1104
psp:poslanec:1901,1901,6783,PSP9,594,1291
psp:poslanec:1902,1902,6418,PSP9,582,1533
psp:poslanec:1903,1903,6740,PSP9,594,1291
psp:poslanec:1904,1904,6741,PSP9,582,1533
psp:poslanec:1905,1905,6742,PSP9,592,1533
psp:poslanec:1906,1906,5968,PSP9,588,1533
psp:poslanec:1907,1907,5969,PSP9,594,1533
psp:poslanec:1908,1908,6515,PSP9,594,1104
psp:poslanec:1909,1909,6743,PSP9,593,1104
psp:poslanec:1910,1910,6007,PSP9,581,1533
psp:poslanec:1911,1911,6802,PSP9,589,1533
psp:poslanec:1912,1912,6479,PSP9,591,1291
psp:poslanec:1913,1913,6763,PSP9,594,1534
psp:poslanec:1914,1914,6784,PSP9,589,1533
psp:poslanec:1915,1915,6505,PSP9,582,1104
psp:poslanec:1916,1916,6785,PSP9,583,1291
psp:poslanec:1917,1917,6484,PSP9,591,1104
psp:poslanec:1918,1918,6786,PSP9,593,1533
psp:poslanec:1919,1919,5332,PSP9,591,1533
psp:poslanec:1920,1920,6240,PSP9,583,1104
psp:poslanec:1921,1921,6787,PSP9,586,1533
psp:poslanec:1922,1922,6788,PSP9,582,1534
psp:poslanec:1923,1923,6482,PSP9,591,1533
psp:poslanec:1924,1924,6168,PSP9,582,1104
psp:poslanec:1925,1925,6495,PSP9,587,1291
psp:poslanec:1926,1926,6789,PSP9,590,1534
psp:poslanec:1927,1927,6790,PSP9,581,1534
psp:poslanec:1928,1928,6791,PSP9,583,1534
psp:poslanec:1929,1929,6166,PSP9,584,1104
psp:poslanec:1930,1930,6792,PSP9,587,1533
psp:poslanec:1931,1931,6165,PSP9,593,1104
psp:poslanec:1932,1932,6492,PSP9,594,1104
psp:poslanec:1933,1933,6490,PSP9,592,1104
psp:poslanec:1934,1934,6513,PSP9,589,1533
psp:poslanec:1935,1935,6730,PSP9,591,1104
psp:poslanec:1936,1936,6731,PSP9,581,1104
psp:poslanec:1937,1937,6793,PSP9,581,1533
psp:poslanec:1938,1938,6794,PSP9,591,1533
psp:poslanec:1939,1939,6795,PSP9,593,1291
psp:poslanec:1940,1940,6796,PSP9,581,1533
psp:poslanec:1941,1941,5226,PSP9,581,1533
psp:poslanec:1942,1942,6154,PSP9,584,1533
psp:poslanec:1943,1943,6177,PSP9,593,1104
psp:poslanec:1944,1944,6809,PSP9,587,1534
psp:poslanec:1945,1945,6925,PSP9,589,1291
psp:poslanec:1946,1946,6937,PSP9,581,1533
psp:poslanec:1947,1947,6939,PSP9,588,1104
psp:poslanec:1948,1948,6688,PSP9,582,1104
psp:poslanec:1949,1949,6940,PSP9,586,1104
psp:poslanec:1950,1950,6946,PSP9,585,1104
psp:poslanec:1951,1951,5931,PSP9,589,1533
psp:poslanec:1952,1952,6947,PSP9,582,1534
psp:poslanec:1953,1953,6964,PSP9,592,1104
psp:poslanec:1954,1954,6787,PSP10,586,1533
psp:poslanec:1955,1955,6793,PSP10,581,1533
psp:poslanec:1956,1956,6538,PSP10,582,1533
psp:poslanec:1957,1957,6216,PSP10,586,1533
psp:poslanec:1958,1958,5459,PSP10,592,1291
psp:poslanec:1959,1959,6603,PSP10,584,1533
psp:poslanec:1960,1960,6205,PSP10,592,1533
psp:poslanec:1961,1961,6754,PSP10,588,1533
psp:poslanec:1962,1962,6782,PSP10,590,1104
psp:poslanec:1963,1963,6693,PSP10,591,1533
psp:poslanec:1964,1964,6473,PSP10,581,1290
psp:poslanec:1965,1965,6552,PSP10,581,1290
psp:poslanec:1966,1966,6537,PSP10,581,1533
psp:poslanec:1967,1967,4,PSP10,581,1533
psp:poslanec:1968,1968,6555,PSP10,581,1533
psp:poslanec:1969,1969,6769,PSP10,581,1533
psp:poslanec:1970,1970,5273,PSP10,581,1533
psp:poslanec:1971,1971,6796,PSP10,581,1533
psp:poslanec:1972,1972,6688,PSP10,582,1104
psp:poslanec:1973,1973,6534,PSP10,588,1104
psp:poslanec:1974,1974,6518,PSP10,588,1104
psp:poslanec:1975,1975,6508,PSP10,590,1291
psp:poslanec:1976,1976,6753,PSP10,589,1104
psp:poslanec:1977,1977,6455,PSP10,589,1291
psp:poslanec:1978,1978,6468,PSP10,591,1104
psp:poslanec:1979,1979,6211,PSP10,589,1104
psp:poslanec:1980,1980,6545,PSP10,591,1104
psp:poslanec:1981,1981,5700,PSP10,588,1533
psp:poslanec:1982,1982,6254,PSP10,581,1104
psp:poslanec:1983,1983,6723,PSP10,588,1104
psp:poslanec:1984,1984,6168,PSP10,582,1104
psp:poslanec:1985,1985,5379,PSP10,583,1533
psp:poslanec:1986,1986,6435,PSP10,584,1533
psp:poslanec:1987,1987,346,PSP10,582,1533
psp:poslanec:1988,1988,6727,PSP10,590,1533
psp:poslanec:1989,1989,6074,PSP10,591,1533
psp:poslanec:1990,1990,6993,PSP10,582,1104
psp:poslanec:1991,1991,6994,PSP10,594,1533
psp:poslanec:1992,1992,6996,PSP10,582,1744
psp:poslanec:1993,1993,6999,PSP10,581,1290
psp:poslanec:1994,1994,7001,PSP10,582,1291
psp:poslanec:1995,1995,7010,PSP10,584,1744
psp:poslanec:1996,1996,7013,PSP10,583,1290
psp:poslanec:1997,1997,7016,PSP10,583,1744
psp:poslanec:1998,1998,7024,PSP10,594,1290
psp:poslanec:1999,1999,7028,PSP10,594,1533
psp:poslanec:2000,2000,7037,PSP10,594,1291
psp:poslanec:2001,2001,7038,PSP10,581,1104
psp:poslanec:2002,2002,7047,PSP10,581,1291
psp:poslanec:2003,2003,7046,PSP10,584,1290
psp:poslanec:2004,2004,7049,PSP10,581,1290
psp:poslanec:2005,2005,7052,PSP10,583,1533
psp:poslanec:2006,2006,7057,PSP10,582,1290
psp:poslanec:2007,2007,7058,PSP10,583,1291
psp:poslanec:2008,2008,7059,PSP10,582,1744
psp:poslanec:2009,2009,6467,PSP10,593,1291
psp:poslanec:2010,2010,6786,PSP10,593,1533
psp:poslanec:2011,2011,6783,PSP10,594,1291
psp:poslanec:2012,2012,6804,PSP10,594,1533
psp:poslanec:2013,2013,6459,PSP10,594,1533
psp:poslanec:2014,2014,6905,PSP10,594,1290
psp:poslanec:2015,2015,6991,PSP10,582,1104
psp:poslanec:2016,2016,6995,PSP10,582,1104
psp:poslanec:2017,2017,6486,PSP10,582,1533
psp:poslanec:2018,2018,6178,PSP10,583,1533
psp:poslanec:2019,2019,5512,PSP10,581,1744
psp:poslanec:2020,2020,6487,PSP10,581,1104
psp:poslanec:2021,2021,5903,PSP10,581,1533
psp:poslanec:2022,2022,6509,PSP10,581,1104
psp:poslanec:2023,2023,6447,PSP10,584,1104
psp:poslanec:2024,2024,6738,PSP10,584,1104
psp:poslanec:2025,2025,7063,PSP10,584,1104
psp:poslanec:2026,2026,6946,PSP10,585,1104
psp:poslanec:2027,2027,6209,PSP10,589,1104
psp:poslanec:2028,2028,6431,PSP10,591,1104
psp:poslanec:2029,2029,6730,PSP10,591,1104
psp:poslanec:2030,2030,6484,PSP10,591,1104
psp:poslanec:2031,2031,6172,PSP10,592,1104
psp:poslanec:2032,2032,7014,PSP10,582,1104
psp:poslanec:2033,2033,7017,PSP10,589,1744
psp:poslanec:2034,2034,7018,PSP10,589,1533
psp:poslanec:2035,2035,7019,PSP10,585,1104
psp:poslanec:2036,2036,7020,PSP10,592,1290
psp:poslanec:2037,2037,7021,PSP10,583,1104
psp:poslanec:2038,2038,7023,PSP10,589,1290
psp:poslanec:2039,2039,7041,PSP10,592,1744
psp:poslanec:2040,2040,7045,PSP10,592,1533
psp:poslanec:2041,2041,7048,PSP10,586,1290
psp:poslanec:2042,2042,7062,PSP10,584,1104
psp:poslanec:2043,2043,7064,PSP10,592,1104
psp:poslanec:2044,2044,5226,PSP10,581,1533
psp:poslanec:2045,2045,6621,PSP10,581,1104
psp:poslanec:2046,2046,6105,PSP10,582,1291
psp:poslanec:2047,2047,6418,PSP10,582,1533
psp:poslanec:2048,2048,6755,PSP10,582,1533
psp:poslanec:2049,2049,6687,PSP10,582,1533
psp:poslanec:2050,2050,5943,PSP10,582,1533
psp:poslanec:2051,2051,6433,PSP10,582,1290
psp:poslanec:2052,2052,6549,PSP10,582,1104
psp:poslanec:2053,2053,6756,PSP10,582,1104
psp:poslanec:2054,2054,6409,PSP10,582,1104
psp:poslanec:2055,2055,6491,PSP10,583,1104
psp:poslanec:2056,2056,6215,PSP10,583,1104
psp:poslanec:2057,2057,6240,PSP10,583,1104
psp:poslanec:2058,2058,6623,PSP10,583,1104
psp:poslanec:2059,2059,6745,PSP10,584,1291
psp:poslanec:2060,2060,6154,PSP10,584,1533
psp:poslanec:2061,2061,6732,PSP10,584,1104
psp:poslanec:2062,2062,5899,PSP10,585,1533
psp:poslanec:2063,2063,6770,PSP10,585,1104
psp:poslanec:2064,2064,5911,PSP10,586,1291
psp:poslanec:2065,2065,7034,PSP10,586,1744
psp:poslanec:2066,2066,6988,PSP10,593,1104
psp:poslanec:2067,2067,6989,PSP10,587,1533
psp:poslanec:2068,2068,6997,PSP10,582,1289
psp:poslanec:2069,2069,7000,PSP10,588,1104
psp:poslanec:2070,2070,7002,PSP10,581,1289
psp:poslanec:2071,2071,7007,PSP10,593,1104
psp:poslanec:2072,2072,7027,PSP10,588,1291
psp:poslanec:2073,2073,7032,PSP10,588,1290
psp:poslanec:2074,2074,7040,PSP10,586,1104
psp:poslanec:2075,2075,7042,PSP10,581,1289
psp:poslanec:2076,2076,6184,PSP10,586,1104
psp:poslanec:2077,2077,6500,PSP10,586,1104
psp:poslanec:2078,2078,6780,PSP10,586,1104
psp:poslanec:2079,2079,6520,PSP10,586,1104
psp:poslanec:2080,2080,6457,PSP10,586,1104
psp:poslanec:2081,2081,6506,PSP10,586,1104
psp:poslanec:2082,2082,6527,PSP10,587,1104
psp:poslanec:2083,2083,6225,PSP10,587,1104
psp:poslanec:2084,2084,6513,PSP10,589,1533
psp:poslanec:2085,2085,6751,PSP10,589,1533
psp:poslanec:2086,2086,7056,PSP10,587,1104
psp:poslanec:2087,2087,7044,PSP10,581,1289
psp:poslanec:2088,2088,7054,PSP10,588,1744
psp:poslanec:2089,2089,7055,PSP10,588,1533
psp:poslanec:2090,2090,6185,PSP10,592,1104
psp:poslanec:2091,2091,6544,PSP10,592,1104
psp:poslanec:2092,2092,6490,PSP10,592,1104
psp:poslanec:2093,2093,6190,PSP10,592,1104
psp:poslanec:2094,2094,6533,PSP10,593,1104
psp:poslanec:2095,2095,6743,PSP10,593,1104
psp:poslanec:2096,2096,6524,PSP10,582,1289
psp:poslanec:2097,2097,6788,PSP10,582,1289
psp:poslanec:2098,2098,6214,PSP10,582,1289
psp:poslanec:2099,2099,6762,PSP10,583,1289
psp:poslanec:2100,2100,6767,PSP10,584,1289
psp:poslanec:2101,2101,6165,PSP10,593,1104
psp:poslanec:2102,2102,6986,PSP10,593,1290
psp:poslanec:2103,2103,6987,PSP10,593,1744
psp:poslanec:2104,2104,6990,PSP10,590,1744
psp:poslanec:2105,2105,6998,PSP10,590,1533
psp:poslanec:2106,2106,7003,PSP10,591,1290
psp:poslanec:2107,2107,7004,PSP10,591,1533
psp:poslanec:2108,2108,7009,PSP10,589,1104
psp:poslanec:2109,2109,6475,PSP10,590,1104
psp:poslanec:2110,2110,6246,PSP10,590,1104
psp:poslanec:2111,2111,6789,PSP10,590,1289
psp:poslanec:2112,2112,6064,PSP10,591,1291
psp:poslanec:2113,2113,6479,PSP10,591,1291
psp:poslanec:2114,2114,6881,PSP10,591,1533
psp:poslanec:2115,2115,6803,PSP10,591,1533
psp:poslanec:2116,2116,6482,PSP10,591,1533
psp:poslanec:2117,2117,6719,PSP10,591,1533
psp:poslanec:2118,2118,6201,PSP10,591,1104
psp:poslanec:2119,2119,7060,PSP10,590,1104
psp:poslanec:2120,2120,7011,PSP10,588,1289
psp:poslanec:2121,2121,7022,PSP10,591,1744
psp:poslanec:2122,2122,7026,PSP10,589,1289
psp:poslanec:2123,2123,7029,PSP10,591,1104
psp:poslanec:2124,2124,7030,PSP10,586,1289
psp:poslanec:2125,2125,7031,PSP10,591,1104
psp:poslanec:2126,2126,7035,PSP10,590,1290
psp:poslanec:2127,2127,7036,PSP10,593,1533
psp:poslanec:2128,2128,7039,PSP10,590,1533
psp:poslanec:2129,2129,7043,PSP10,593,1533
psp:poslanec:2130,2130,7050,PSP10,587,1289
psp:poslanec:2131,2131,7051,PSP10,591,1290
psp:poslanec:2132,2132,7053,PSP10,591,1104
psp:poslanec:2133,2133,6722,PSP10,587,1289
psp:poslanec:2134,2134,6750,PSP10,591,1289
psp:poslanec:2135,2135,6474,PSP10,594,1104
psp:poslanec:2136,2136,6523,PSP10,594,1104
psp:poslanec:2137,2137,6150,PSP10,594,1104
psp:poslanec:2138,2138,6758,PSP10,594,1104
psp:poslanec:2139,2139,6451,PSP10,594,1104
psp:poslanec:2140,2140,6515,PSP10,594,1104
psp:poslanec:2141,2141,6763,PSP10,594,1289
psp:poslanec:2142,2142,6463,PSP10,594,1104
psp:poslanec:2143,2143,6466,PSP10,591,1289
psp:poslanec:2144,2144,6766,PSP10,593,1289
psp:poslanec:2145,2145,7005,PSP10,594,1104
psp:poslanec:2146,2146,7006,PSP10,594,1744
psp:poslanec:2147,2147,7008,PSP10,592,1289
psp:poslanec:2148,2148,7012,PSP10,594,1104
psp:poslanec:2149,2149,7015,PSP10,591,1289
psp:poslanec:2150,2150,7025,PSP10,594,1104
psp:poslanec:2151,2151,7033,PSP10,594,1104
psp:poslanec:2152,2152,7061,PSP10,594,1289
psp:poslanec:2153,2153,6992,PSP10,592,1533
psp:poslanec:2154,2154,7068,PSP10,586,1104
psp:poslanec:2155,2155,7066,PSP10,584,1104
psp:poslanec:2156,2156,7067,PSP10,585,1104
psp:poslanec:2157,2157,7065,PSP10,592,1290
psp:poslanec:2158,2158,6664,PSP10,581,1291
psp:poslanec:2159,2159,7106,PSP10,590,1744
psp:poslanec:2160,2160,7108,PSP10,590,1104
